[{"model": "WebSite.song", "pk": 1, "fields": {"url_video": "https://www.youtube.com/embed/s1tAYmMjLdY", "letter": "Hello there,<br> The angel from my {x},<br> The shadow in the background of the {x}.<br> The unsuspecting victim of darkness in the valley.<br> We can live like Jack and Sally<br> If we want.<br>\r\n  <br> Where you can always find me<br> And we'll have {x} on Christmas.<br> And in the night we'll {x} this never ends,<br> We'll wish this never ends.<br>\r\n  <br> (I miss you, miss you)<br> (I miss you, miss you)<br>\r\n  <br> Where are you?<br> And I'm so sorry.<br> I {x} sleep, I cannot dream tonight.<br> I need somebody and always<br> This {x} strange darkness<br> Comes creeping on so haunting every time.<br>\r\n  <br> And as I stared I {x}<br> The webs from all the spiders<br> Catching things and eating their insides.<br>\r\n  <br> Like {x} to call you<br> And hear your voice of treason.<br> Will you come home and stop this {x} tonight?<br> Stop this pain tonight.<br>\r\n  <br>\r\n  <i>[3x]</i><br> Don't waste your time on me.<br> You're {x} the voice inside my head.<br> (I miss you, miss you)<br> Don't waste your time on me.<br> You're already the voice inside my head.<br> (I miss you, miss you)<br>\r\n  <br> (I miss you, miss you) <i>[4x]</i>", "name": "I miss you - Blink 182"}}, {"model": "WebSite.song", "pk": 2, "fields": {"url_video": "https://www.youtube.com/embed/x4r-c4I_9Rc", "letter": "You've been on my mind<br> I grow {x} every day,<br> Lose myself in time<br> Just thinking of your face<br> God only knows<br> Why it's taken me so long<br> To let my {x} go<br> You're the only one that I want<br>\r\n  <br> I don't know why I'm scared, I've been here before<br> Every feeling, every word, I've {x} it all,<br> You never know if you never try<br> To {x} your past and simply be mine<br>\r\n  <br> I dare you to let me be your, your one and only<br> Promise I'm {x} to hold in your arms<br> So come on and give me the chance<br> To prove that I'm the one who can<br> Walk that {x} until the end starts<br>\r\n  <br> If I've been on your mind<br> You {x} on every word I say<br> Lose yourself in time at the mention of my name<br> Will I ever know how it feels to {x} you close?<br> And have you tell me whichever road I choose you'll go<br>\r\n  <br> I don't know why I'm scared 'cause I've been here before<br> Every feeling, every word, I've imagined it all,<br> You'll never know if you never try<br> To forgive your past and simply be {x}<br>\r\n  <br> I dare you to let me be your, your one and only<br> I promise I'm worthy to hold in your arms<br> So come on and give me the chance<br> To prove that I'm the one who can<br> Walk that mile until the end starts<br>\r\n  <br> I know it ain't easy, giving up your heart<br> I Know it ain't easy, giving up your heart<br>\r\n  <br> (Nobody's perfect, trust me I've learned it)<br> I know it ain't easy, giving up your heart<br> (Nobody's perfect, trust me I've learned it)<br> I know it ain't easy, giving up your heart<br> (Nobody's perfect, trust me I've learned it)<br> I know\r\n  it ain't easy, giving up your heart<br> (Nobody's perfect, trust me I've learned it)<br> I know it ain't easy, giving up your heart<br>\r\n  <br> So I dare you to let me be your, your one and only<br> I promise I'm worthy to hold in your arms<br> So come on and give me a {x}<br> To prove that I'm the one who can<br> Walk that mile until the end starts<br> Come on and give me a chance<br>  To prove that I'm the one who can<br> Walk that mile until the end starts.", "name": "One and only - Adele"}}, {"model": "WebSite.song", "pk": 3, "fields": {"url_video": "https://www.youtube.com/embed/0k_1kvDh2UA", "letter": "How long before I get in?<br> Before it starts, before I begin?<br> How long before you decide?<br> Before I know what it feels like?<br> Where To, where do I go?<br> If you never try, then you'll never know.<br> How long do I have to {x},<br> Up on\r\n  the side of this mountain of mine?<br>\r\n  <br> Look up, I look up at night,<br> {x} are moving at the speed of light.<br> Climb up, up in the trees,<br> every chance that you get,<br> is a chance you {x}.<br> How long am I gonna stand,<br> with my head stuck under the sand?<br> I'll start before\r\n  I can stop,<br> before I see {x} the right way up.<br>\r\n  <br> All that noise, and all that sound,<br> All those places I got found.<br> And birds go flying at the {x} of sound,<br> to show you how it all began.<br> Birds came flying from the {x},<br> if you could see it then you'd understand?<br>\r\n  <br> Ideas that you'll never find,<br> All the inventors {x} never design.<br> The buildings that you put up,<br> Japan and China all lit up.<br> The sign that I couldn't read,<br> or a light that I couldn't see,<br> some things you have to {x},<br>  but others are puzzles, puzzling me.<br>\r\n  <br> All that noise, and all that sound,<br> All those places I got found.<br> And birds go flying at the speed of sound,<br> to {x} you how it all began.<br> Birds came flying from the underground,<br> if you could see it then you'd understand,<br>  ah when you see it then you'll understand?<br>\r\n  <br> All those signs, I knew what they meant.<br> Some things you can invent.<br> Some get made, and some get sent,<br> Ooh?\r\n  <br> Birds go flying at the speed of sound,<br> to show you how it all began.<br> Birds {x} flying from the underground,<br> if you could see it then you'd understand,<br> ah, when you see it then you'll understand?", "name": "The Speed of Sound - Coldplay"}}, {"model": "WebSite.song", "pk": 4, "fields": {"url_video": "https://www.youtube.com/embed/Vbg7YoXiKn0", "letter": "When the {x} has come<br> And the {x} is dark<br> And the moon is the only {x} we'll see<br> No, I won't be {x}<br> Oh, I won't be afraid<br> Just as long as you stand<br> Stand by me<br>\r\n  <br> So darlin', darlin'<br> Stand by me, oh, stand by me<br> Oh, stand, stand by me<br> Stand by me<br>\r\n  <br> If the sky that we look upon<br> Should {x} and fall<br> Or the mountain should {x} to the sea<br> I won't cry, I won't cry<br> No, I won't {x} a tear<br> Just as long as you stand<br> Stand {x} me<br>\r\n  <br> And darlin', darlin'<br> Stand by me, oh, stand by me<br> Oh, stand now, stand by me<br> Stand by me<br>\r\n  <br> Darlin', darlin'<br> Stand by me, oh, stand by me<br> Oh, stand now, stand by me<br> Stand by me<br> Whenever you're in {x}, won't you stand by me?<br> Oh, stand by me<br> Won't you stand now?<br> Oh, stand, stand by me<br> When all of our friends\r\n  is {x}", "name": "Stand by Me - Ben E. King"}}, {"model": "WebSite.song", "pk": 5, "fields": {"url_video": "https://www.youtube.com/embed/Ahha3Cqe_fk", "letter": "Summer after high school when we first met<br> We'd make out in your Mustang to Radiohead<br> And on my 18th birthday we got {x} tattoos<br>\r\n<br> Used to steal your parents' liquor and climb to the {x}<br> Talk about our future like we had a clue<br> Never planned that one day I'd be losing you<br>\r\n<br> In another life<br> I would be your girl<br> We'd keep all our {x}<br> Be us against the world<br>\r\n<br> In another life<br> I would make you stay<br> So I don't have to say<br> You were the one that got {x}<br> The one that got away<br>\r\n<br> I was June and you were my Johnny Cash<br> Never one {x} the other, we made a pact<br> Sometimes when I miss you I put {x} records on<br>\r\n<br> Someone said you had your tattoo removed<br> Saw you {x} singing the blues<br> It's time to face the music, I'm no longer your muse<br>\r\n<br> But in another life<br> I would be your girl<br> We'd keep all our promises<br> Be us against the world<br>\r\n<br> In another life<br> I would make you stay<br> So I don't have to say<br> You were the one that got away<br> The one that got away<br>\r\n<br> The one <i>[3x]</i><br> The one that got away<br>\r\n<br> All this money can't buy me a time machine, no<br> Can't {x} you with a million rings, no<br> I should've told you what you meant to me<br> 'Cause now I pay the price<br>\r\n<br> In another life<br> I would be your girl<br> We'd keep all our promises<br> Be us against the {x}<br>\r\n<br> In another life<br> I would make you stay<br> So I don't have to say<br> You were the one that got away<br> The one that got away<br>\r\n<br> The one, the one <i>[3x]</i><br>\r\n<br> In another life<br> I would make you stay<br> {x} I don't have to say<br> You were the one that got away<br> The one that got away", "name": "The One That Got Away - Katy Perry"}}, {"model": "WebSite.song", "pk": 6, "fields": {"url_video": "https://www.youtube.com/embed/RB-RcX5DS5A", "letter": "Come up to meet you, tell you I'm sorry<br> You don't know how {x} you are<br>\r\n  <br> I had to find you<br> Tell you I need you<br> Tell you I set you apart<br>\r\n  <br> Tell me your {x}<br> And ask me your questions<br> Oh, let's go back to the start<br>\r\n  <br> Running in circles<br> {x} up tails<br> Heads on a science apart<br>\r\n  <br> Nobody {x} it was easy<br> It's such a shame for us to part<br> Nobody said it was easy<br> No one ever said it would be this {x}<br>\r\n  <br> Oh, take me back to the {x}<br>\r\n  <br> I was just {x}<br> At numbers and figures<br> {x} the puzzles apart<br>\r\n  <br> Questions of science<br> Science and progress<br> Do not speak as {x} as my heart<br>\r\n  <br> Tell me you love me<br> Come back and haunt me<br> Oh, and I rush to the start<br>\r\n  <br> Running in circles<br> {x} our tails<br> Coming back as we are<br>\r\n  <br> Nobody said it was easy<br> Oh, it's such a shame for us to part<br> Nobody said it was easy<br> No one ever said it would be so hard<br>\r\n  <br> I'm going back to the start<br>\r\n  <br> Oh <i>[x4]</i>", "name": "The Scientist - Coldplay"}}, {"model": "WebSite.song", "pk": 7, "fields": {"url_video": "https://www.youtube.com/embed/LjhCEhWiKXk", "letter": "Ohhhhh ohhhhhh ohhhhhh ohhhhhhh<br>\r\n  <br>\r\n  <i>[Verse 1:]</i><br> Oh, her eyes, her eyes<br> Make the {x} look like they're not shinin'<br> Her hair, her hair<br> Falls perfectly {x} her trying<br> She's so beautiful<br> And I tell her {x}<br> Yeah\r\n  <br>\r\n  <br> I know, I know<br> When I {x} her she won't believe me<br> And it's so, it's so<br> Sad to {x} that she don't see what I see<br> But every time she asks me, &quot;Do I look okay?&quot;<br> I say,<br>\r\n  <br>\r\n  <i>[Chorus:]</i><br> When I see your face (face, face...)<br> There's not a thing that I would change<br> 'Cause you're amazing (amazing)<br> Just the way you are (are)<br> And when you smile (smile, smile...)<br> The {x} world stops and {x} for a while<br>  'Cause, girl, you're amazing (amazing)<br> Just the way you are (are).<br> Yeah\r\n  <br>\r\n  <br>\r\n  <i>[Verse 2:]</i><br> Her lips, her lips<br> I could kiss them all day if she'd let me<br> Her laugh, her laugh<br> She {x} but I think it's so sexy<br> She's so beautiful<br> And I tell her everyday,<br>\r\n  <br> Oh you know, you know, you know<br> I'd never ask you to change<br> If perfect's what you're {x} for<br> Then just stay the same<br> So don't even {x} asking if you look okay<br> You know I'll say,<br>\r\n  <br>\r\n  <i>[Chorus:]</i><br> When I see your face (face, face...)<br> There's not a thing that I would change<br> 'Cause you're amazing (amazing)<br> Just the way you are (are)<br> And when you smile (smile, smile...)<br> The whole world stops and stares for\r\n  a while<br> 'Cause, girl, you're amazing (amazing)<br> Just the way you are (are)<br>\r\n  <br> The way you are<br> The way you are<br> Girl, you're amazing (amazing)<br> Just the way you are (are)<br>\r\n  <br>\r\n  <i>[Chorus:]</i><br> When I see your face<br> There's not a thing that I would change<br> 'Cause you're amazing (amazing)<br> Just the way you are (are)<br> And when you smile<br> The whole world stops and stares for a while<br> 'Cause, girl, you're\r\n  amazing\r\n  <br> Just the way you are<br>\r\n  <br> Yeah", "name": "The Way You Are - Bruno Mars"}}, {"model": "WebSite.song", "pk": 8, "fields": {"url_video": "https://www.youtube.com/embed/0G3_kG5FFfQ", "letter": "I always needed time on my own<br> I never {x} I'd need you there when I cry<br> And the days feel like {x} when I'm alone<br> And the bed where you {x}<br> Is {x} up on your side<br>\r\n  <br>\r\n  <i>[Pre-chorus:]</i><br> When you {x} away I count the {x} that you take<br> Do you see how much I need you right now?<br>\r\n  <br>\r\n  <i>[Chorus:]</i><br> When you're gone<br> The pieces of my heart are missing you<br> When you're gone<br> The face I came to know is missing too<br> When you're gone<br> The words I need to hear to always get me through the day<br> And make it OK<br>  I miss you<br>\r\n  <br> I've never felt this way {x}<br> Everything that I do {x} me of you<br> And the {x} you left, they lie on the floor<br> And they {x} just like you,<br> I love the things that you do<br>\r\n  <br>\r\n  <i>[Pre-chorus]</i><br>\r\n  <br>\r\n  <i>[Chorus]</i><br>\r\n  <br> We were made for each other<br> Out here forever<br> I know we were, yeah, yeah<br> All I ever wanted was for you to know<br> {x} I do, I give my heart and soul<br> I can hardly {x}, I need to feel you here with me, yeah<br>\r\n  <br>\r\n  <i>[Chorus:]</i><br> When you're gone<br> The pieces of my heart are missing you<br> When you're gone<br> The face I came to know is missing too<br> When you're gone<br> The words I need to hear will always get me through the day<br> And make it OK<br>  I miss you", "name": "When You're Gone - Avril Lavigne"}}, {"model": "WebSite.optionsong", "pk": 1, "fields": {"text": "nightmare", "correct": true, "song": 1}}, {"model": "WebSite.optionsong", "pk": 2, "fields": {"text": "morgue", "correct": true, "song": 1}}, {"model": "WebSite.optionsong", "pk": 3, "fields": {"text": "Halloween", "correct": true, "song": 1}}, {"model": "WebSite.optionsong", "pk": 4, "fields": {"text": "wish", "correct": true, "song": 1}}, {"model": "WebSite.optionsong", "pk": 5, "fields": {"text": "cannot", "correct": true, "song": 1}}, {"model": "WebSite.optionsong", "pk": 6, "fields": {"text": "sick", "correct": true, "song": 1}}, {"model": "WebSite.optionsong", "pk": 7, "fields": {"text": "counted", "correct": true, "song": 1}}, {"model": "WebSite.optionsong", "pk": 8, "fields": {"text": "indecision", "correct": true, "song": 1}}, {"model": "WebSite.optionsong", "pk": 9, "fields": {"text": "pain", "correct": true, "song": 1}}, {"model": "WebSite.optionsong", "pk": 10, "fields": {"text": "already", "correct": true, "song": 1}}, {"model": "WebSite.optionsong", "pk": 11, "fields": {"text": "fonder", "correct": true, "song": 2}}, {"model": "WebSite.optionsong", "pk": 12, "fields": {"text": "doubts", "correct": true, "song": 2}}, {"model": "WebSite.optionsong", "pk": 13, "fields": {"text": "imagined", "correct": true, "song": 2}}, {"model": "WebSite.optionsong", "pk": 14, "fields": {"text": "forgive", "correct": true, "song": 2}}, {"model": "WebSite.optionsong", "pk": 15, "fields": {"text": "worthy", "correct": true, "song": 2}}, {"model": "WebSite.optionsong", "pk": 16, "fields": {"text": "mile", "correct": true, "song": 2}}, {"model": "WebSite.optionsong", "pk": 17, "fields": {"text": "hang", "correct": true, "song": 2}}, {"model": "WebSite.optionsong", "pk": 18, "fields": {"text": "hold", "correct": true, "song": 2}}, {"model": "WebSite.optionsong", "pk": 19, "fields": {"text": "mine", "correct": true, "song": 2}}, {"model": "WebSite.optionsong", "pk": 20, "fields": {"text": "chance", "correct": true, "song": 2}}, {"model": "WebSite.optionsong", "pk": 21, "fields": {"text": "climb", "correct": true, "song": 3}}, {"model": "WebSite.optionsong", "pk": 22, "fields": {"text": "Planets", "correct": true, "song": 3}}, {"model": "WebSite.optionsong", "pk": 23, "fields": {"text": "seize", "correct": true, "song": 3}}, {"model": "WebSite.optionsong", "pk": 24, "fields": {"text": "things", "correct": true, "song": 3}}, {"model": "WebSite.optionsong", "pk": 25, "fields": {"text": "speed", "correct": true, "song": 3}}, {"model": "WebSite.optionsong", "pk": 26, "fields": {"text": "underground", "correct": true, "song": 3}}, {"model": "WebSite.optionsong", "pk": 27, "fields": {"text": "could", "correct": true, "song": 3}}, {"model": "WebSite.optionsong", "pk": 28, "fields": {"text": "believe", "correct": true, "song": 3}}, {"model": "WebSite.optionsong", "pk": 29, "fields": {"text": "show", "correct": true, "song": 3}}, {"model": "WebSite.optionsong", "pk": 30, "fields": {"text": "came", "correct": true, "song": 3}}, {"model": "WebSite.optionsong", "pk": 31, "fields": {"text": "night", "correct": true, "song": 4}}, {"model": "WebSite.optionsong", "pk": 32, "fields": {"text": "land", "correct": true, "song": 4}}, {"model": "WebSite.optionsong", "pk": 33, "fields": {"text": "light", "correct": true, "song": 4}}, {"model": "WebSite.optionsong", "pk": 34, "fields": {"text": "afraid", "correct": true, "song": 4}}, {"model": "WebSite.optionsong", "pk": 35, "fields": {"text": "tumble", "correct": true, "song": 4}}, {"model": "WebSite.optionsong", "pk": 36, "fields": {"text": "crumble", "correct": true, "song": 4}}, {"model": "WebSite.optionsong", "pk": 37, "fields": {"text": "shed", "correct": true, "song": 4}}, {"model": "WebSite.optionsong", "pk": 38, "fields": {"text": "by", "correct": true, "song": 4}}, {"model": "WebSite.optionsong", "pk": 39, "fields": {"text": "trouble", "correct": true, "song": 4}}, {"model": "WebSite.optionsong", "pk": 40, "fields": {"text": "gone", "correct": true, "song": 4}}, {"model": "WebSite.optionsong", "pk": 41, "fields": {"text": "matching", "correct": true, "song": 5}}, {"model": "WebSite.optionsong", "pk": 42, "fields": {"text": "roof", "correct": true, "song": 5}}, {"model": "WebSite.optionsong", "pk": 43, "fields": {"text": "promises", "correct": true, "song": 5}}, {"model": "WebSite.optionsong", "pk": 44, "fields": {"text": "away", "correct": true, "song": 5}}, {"model": "WebSite.optionsong", "pk": 45, "fields": {"text": "without", "correct": true, "song": 5}}, {"model": "WebSite.optionsong", "pk": 46, "fields": {"text": "those", "correct": true, "song": 5}}, {"model": "WebSite.optionsong", "pk": 47, "fields": {"text": "downtown", "correct": true, "song": 5}}, {"model": "WebSite.optionsong", "pk": 48, "fields": {"text": "replace", "correct": true, "song": 5}}, {"model": "WebSite.optionsong", "pk": 49, "fields": {"text": "world", "correct": true, "song": 5}}, {"model": "WebSite.optionsong", "pk": 50, "fields": {"text": "So", "correct": true, "song": 5}}, {"model": "WebSite.optionsong", "pk": 51, "fields": {"text": "lovely", "correct": true, "song": 6}}, {"model": "WebSite.optionsong", "pk": 52, "fields": {"text": "secrets", "correct": true, "song": 6}}, {"model": "WebSite.optionsong", "pk": 53, "fields": {"text": "Coming", "correct": true, "song": 6}}, {"model": "WebSite.optionsong", "pk": 54, "fields": {"text": "said", "correct": true, "song": 6}}, {"model": "WebSite.optionsong", "pk": 55, "fields": {"text": "hard", "correct": true, "song": 6}}, {"model": "WebSite.optionsong", "pk": 56, "fields": {"text": "start", "correct": true, "song": 6}}, {"model": "WebSite.optionsong", "pk": 57, "fields": {"text": "guessing", "correct": true, "song": 6}}, {"model": "WebSite.optionsong", "pk": 58, "fields": {"text": "Pulling", "correct": true, "song": 6}}, {"model": "WebSite.optionsong", "pk": 59, "fields": {"text": "loud", "correct": true, "song": 6}}, {"model": "WebSite.optionsong", "pk": 60, "fields": {"text": "Chasing", "correct": true, "song": 6}}, {"model": "WebSite.optionsong", "pk": 61, "fields": {"text": "stars", "correct": true, "song": 7}}, {"model": "WebSite.optionsong", "pk": 62, "fields": {"text": "without", "correct": true, "song": 7}}, {"model": "WebSite.optionsong", "pk": 63, "fields": {"text": "everyday", "correct": true, "song": 7}}, {"model": "WebSite.optionsong", "pk": 64, "fields": {"text": "compliment", "correct": true, "song": 7}}, {"model": "WebSite.optionsong", "pk": 65, "fields": {"text": "think", "correct": true, "song": 7}}, {"model": "WebSite.optionsong", "pk": 66, "fields": {"text": "whole", "correct": true, "song": 7}}, {"model": "WebSite.optionsong", "pk": 67, "fields": {"text": "stares", "correct": true, "song": 7}}, {"model": "WebSite.optionsong", "pk": 68, "fields": {"text": "hates", "correct": true, "song": 7}}, {"model": "WebSite.optionsong", "pk": 69, "fields": {"text": "searching", "correct": true, "song": 7}}, {"model": "WebSite.optionsong", "pk": 70, "fields": {"text": "bother", "correct": true, "song": 7}}, {"model": "WebSite.optionsong", "pk": 71, "fields": {"text": "thought", "correct": true, "song": 8}}, {"model": "WebSite.optionsong", "pk": 72, "fields": {"text": "years", "correct": true, "song": 8}}, {"model": "WebSite.optionsong", "pk": 73, "fields": {"text": "lie", "correct": true, "song": 8}}, {"model": "WebSite.optionsong", "pk": 74, "fields": {"text": "made", "correct": true, "song": 8}}, {"model": "WebSite.optionsong", "pk": 75, "fields": {"text": "walk", "correct": true, "song": 8}}, {"model": "WebSite.optionsong", "pk": 76, "fields": {"text": "steps", "correct": true, "song": 8}}, {"model": "WebSite.optionsong", "pk": 77, "fields": {"text": "before", "correct": true, "song": 8}}, {"model": "WebSite.optionsong", "pk": 78, "fields": {"text": "reminds", "correct": true, "song": 8}}, {"model": "WebSite.optionsong", "pk": 79, "fields": {"text": "clothes", "correct": true, "song": 8}}, {"model": "WebSite.optionsong", "pk": 80, "fields": {"text": "smell", "correct": true, "song": 8}}, {"model": "WebSite.optionsong", "pk": 81, "fields": {"text": "Everything", "correct": true, "song": 8}}, {"model": "WebSite.optionsong", "pk": 82, "fields": {"text": "breathe", "correct": true, "song": 8}}, {"model": "WebSite.lecture", "pk": 4, "fields": {"title": "HOW THE MAY DAY HOLIDAY BEGAN IN ENGLAND", "text": "Many hundred years ago there were many villages and few towns in England. The villagers liked to go into the forests and the fields when spring came. On the first Sunday of May they usually took a tree back with them and put it in the centre of the village. The children danced round it and the men and the women took part in games around it. <br><br>\r\nLater the international working class made the First of May their day of solidarity. The First May Day was celebrated in England in 1890. In London the workers marched from all places to a meeting in Hype Park. This demonstration showed their unity and solidarity. <br><br>\r\nThere have been many large May Day demonstration. The working people showed on those days their solidarity with the progressive people in other countries. <br>\r\n<br>\r\nQuestion 1: On the first Sunday of May the English people went into the forest and took a tree back with them<br>"}}, {"model": "WebSite.lecture", "pk": 5, "fields": {"title": "HOW THE MAY DAY HOLIDAY BEGAN IN ENGLAND", "text": "Many hundred years ago there were many villages and few towns in England. The villagers liked to go into the forests and the fields when spring came. On the first Sunday of May they usually took a tree back with them and put it in the centre of the village. The children danced round it and the men and the women took part in games around it. <br><br>\r\nLater the international working class made the First of May their day of solidarity. The First May Day was celebrated in England in 1890. In London the workers marched from all places to a meeting in Hype Park. This demonstration showed their unity and solidarity. <br><br>\r\nThere have been many large May Day demonstration. The working people showed on those days their solidarity with the progressive people in other countries. <br><br>\r\n\r\nQuestion 2: They put the tree in their house.<br>"}}, {"model": "WebSite.lecture", "pk": 6, "fields": {"title": "HOW THE MAY DAY HOLIDAY BEGAN IN ENGLAND", "text": "Many hundred years ago there were many villages and few towns in England. The villagers liked to go into the forests and the fields when spring came. On the first Sunday of May they usually took a tree back with them and put it in the centre of the village. The children danced round it and the men and the women took part in games around it. <br><br>\r\nLater the international working class made the First of May their day of solidarity. The First May Day was celebrated in England in 1890. In London the workers marched from all places to a meeting in Hype Park. This demonstration showed their unity and solidarity. <br><br>\r\nThere have been many large May Day demonstration. The working people showed on those days their solidarity with the progressive people in other countries. <br><br>\r\n\r\nQuestion 3: The first May Day was celebrated in England in 1890.<br>"}}, {"model": "WebSite.lecture", "pk": 7, "fields": {"title": "HOW THE MAY DAY HOLIDAY BEGAN IN ENGLAND", "text": "Many hundred years ago there were many villages and few towns in England. The villagers liked to go into the forests and the fields when spring came. On the first Sunday of May they usually took a tree back with them and put it in the centre of the village. The children danced round it and the men and the women took part in games around it. <br><br>\r\nLater the international working class made the First of May their day of solidarity. The First May Day was celebrated in England in 1890. In London the workers marched from all places to a meeting in Hype Park. This demonstration showed their unity and solidarity. <br><br>\r\nThere have been many large May Day demonstration. The working people showed on those days their solidarity with the progressive people in other countries. <br><br>\r\n\r\nQuestion 4: On those days the working people show their solidarity with the progressive people in other countries.<br>"}}, {"model": "WebSite.lecture", "pk": 8, "fields": {"title": "Bill History", "text": "My name is Bill. I'm twelve years old. I'm a student. There are four people in my family: My father, my mother, my sister and me. My father is a worker. His name is George. He's forty-eight. My mother is a teacher. She is thirty-nine years old. Her name is Mary. My sister is a student. She is sixteen. Now we are in our living room. <br><br>\r\n\r\nQuestion 1: Bill's sister is teacher.<br>"}}, {"model": "WebSite.lecture", "pk": 9, "fields": {"title": "Bill History", "text": "My name is Bill. I'm twelve years old. I'm a student. There are four people in my family: My father, my mother, my sister and me. My father is a worker. His name is George. He's forty-eight. My mother is a teacher. She is thirty-nine years old. Her name is Mary. My sister is a student. She is sixteen. Now we are in our living room. <br><br>\r\n\r\nQuestion 2: Bill's sister is fifteen.<br>"}}, {"model": "WebSite.optionlecture", "pk": 1, "fields": {"text": "True", "correct": true, "lecture": 4}}, {"model": "WebSite.optionlecture", "pk": 2, "fields": {"text": "False", "correct": false, "lecture": 4}}, {"model": "WebSite.optionlecture", "pk": 3, "fields": {"text": "True", "correct": false, "lecture": 5}}, {"model": "WebSite.optionlecture", "pk": 4, "fields": {"text": "False", "correct": true, "lecture": 5}}, {"model": "WebSite.optionlecture", "pk": 5, "fields": {"text": "True", "correct": true, "lecture": 6}}, {"model": "WebSite.optionlecture", "pk": 6, "fields": {"text": "False", "correct": false, "lecture": 6}}, {"model": "WebSite.optionlecture", "pk": 7, "fields": {"text": "True", "correct": true, "lecture": 7}}, {"model": "WebSite.optionlecture", "pk": 8, "fields": {"text": "False", "correct": false, "lecture": 7}}, {"model": "WebSite.optionlecture", "pk": 9, "fields": {"text": "True", "correct": false, "lecture": 8}}, {"model": "WebSite.optionlecture", "pk": 10, "fields": {"text": "False", "correct": true, "lecture": 8}}, {"model": "WebSite.optionlecture", "pk": 11, "fields": {"text": "True", "correct": false, "lecture": 9}}, {"model": "WebSite.optionlecture", "pk": 12, "fields": {"text": "False", "correct": true, "lecture": 9}}, {"model": "WebSite.room", "pk": 1, "fields": {"title": "Harry Potter", "staff_only": false}}, {"model": "auth.user", "pk": 1, "fields": {"password": "pbkdf2_sha256$36000$2NCyAEoWGzQj$yUBGvlKXIrgzp/i30xLE+7QXPKq1jM4YElv/ZczbYBw=", "last_login": "2017-11-10T02:45:51.826Z", "is_superuser": true, "username": "juanpablorn30", "first_name": "", "last_name": "", "email": "juanpablorn30@gmail.com", "is_staff": true, "is_active": true, "date_joined": "2017-11-07T00:51:39.335Z", "groups": [], "user_permissions": []}}, {"model": "auth.user", "pk": 2, "fields": {"password": "pbkdf2_sha256$36000$WOnuCF7uuTH6$MC1DqfFnfHSpSNAGlO/iX/ut3apRAMYI44pauvm8dEw=", "last_login": null, "is_superuser": false, "username": "aJuan", "first_name": "aJuan", "last_name": "", "email": "a@hotmail.com", "is_staff": false, "is_active": true, "date_joined": "2017-11-09T18:42:20.478Z", "groups": [], "user_permissions": []}}, {"model": "auth.user", "pk": 3, "fields": {"password": "pbkdf2_sha256$36000$XCDRXiALBlFB$7VeJksRECS0RqvMgA6X3ehiL/gaMNxy3PMU5RdRS48E=", "last_login": "2017-11-09T18:48:06.895Z", "is_superuser": false, "username": "aJuana", "first_name": "aJuana", "last_name": "", "email": "a@hot.com", "is_staff": false, "is_active": true, "date_joined": "2017-11-09T18:43:19.924Z", "groups": [], "user_permissions": []}}, {"model": "sessions.session", "pk": "8sf9d4ttir7wxvm0cftb3qwbojwptffl", "fields": {"session_data": "NjQ3MTI0ZmNmOWVlYzdmOTc2MDcwNWQzNDliNTkwMmU4MzhjYjI4NDp7Il9hdXRoX3VzZXJfaWQiOiIxIiwiX2F1dGhfdXNlcl9iYWNrZW5kIjoiZGphbmdvLmNvbnRyaWIuYXV0aC5iYWNrZW5kcy5Nb2RlbEJhY2tlbmQiLCJfYXV0aF91c2VyX2hhc2giOiIyYWFkMzIzNGYxZTMxNTk1YTkyN2Y4MDk5NmI0NzQ4Mzc4NjUyOTk0In0=", "expire_date": "2017-11-21T19:19:07.015Z"}}, {"model": "sessions.session", "pk": "chn02536ed75791a4241136cc1d62498", "fields": {"session_data": "NDZhNDA4MGI4NzE2NjM2NzcwNTJjNzYwNjAxZDY2YmRiMzNmZDkyNzp7Il9hdXRoX3VzZXJfYmFja2VuZCI6ImRqYW5nby5jb250cmliLmF1dGguYmFja2VuZHMuTW9kZWxCYWNrZW5kIiwiX2F1dGhfdXNlcl9pZCI6IjEiLCJfYXV0aF91c2VyX2hhc2giOiIyYWFkMzIzNGYxZTMxNTk1YTkyN2Y4MDk5NmI0NzQ4Mzc4NjUyOTk0Iiwicm9vbXMiOltdfQ==", "expire_date": "2017-11-23T18:34:56.927Z"}}, {"model": "sessions.session", "pk": "chn1721178969984275e3458fccf257e", "fields": {"session_data": "NDZhNDA4MGI4NzE2NjM2NzcwNTJjNzYwNjAxZDY2YmRiMzNmZDkyNzp7Il9hdXRoX3VzZXJfYmFja2VuZCI6ImRqYW5nby5jb250cmliLmF1dGguYmFja2VuZHMuTW9kZWxCYWNrZW5kIiwiX2F1dGhfdXNlcl9pZCI6IjEiLCJfYXV0aF91c2VyX2hhc2giOiIyYWFkMzIzNGYxZTMxNTk1YTkyN2Y4MDk5NmI0NzQ4Mzc4NjUyOTk0Iiwicm9vbXMiOltdfQ==", "expire_date": "2017-11-23T18:22:28.622Z"}}, {"model": "sessions.session", "pk": "chn1918a6f78b193591fdabed2a0a4be", "fields": {"session_data": "NDZhNDA4MGI4NzE2NjM2NzcwNTJjNzYwNjAxZDY2YmRiMzNmZDkyNzp7Il9hdXRoX3VzZXJfYmFja2VuZCI6ImRqYW5nby5jb250cmliLmF1dGguYmFja2VuZHMuTW9kZWxCYWNrZW5kIiwiX2F1dGhfdXNlcl9pZCI6IjEiLCJfYXV0aF91c2VyX2hhc2giOiIyYWFkMzIzNGYxZTMxNTk1YTkyN2Y4MDk5NmI0NzQ4Mzc4NjUyOTk0Iiwicm9vbXMiOltdfQ==", "expire_date": "2017-11-23T18:35:40.556Z"}}, {"model": "sessions.session", "pk": "chn195945432572238f5a32040a8ea52", "fields": {"session_data": "NDZhNDA4MGI4NzE2NjM2NzcwNTJjNzYwNjAxZDY2YmRiMzNmZDkyNzp7Il9hdXRoX3VzZXJfYmFja2VuZCI6ImRqYW5nby5jb250cmliLmF1dGguYmFja2VuZHMuTW9kZWxCYWNrZW5kIiwiX2F1dGhfdXNlcl9pZCI6IjEiLCJfYXV0aF91c2VyX2hhc2giOiIyYWFkMzIzNGYxZTMxNTk1YTkyN2Y4MDk5NmI0NzQ4Mzc4NjUyOTk0Iiwicm9vbXMiOltdfQ==", "expire_date": "2017-11-23T18:13:59.262Z"}}, {"model": "sessions.session", "pk": "chn1f6fdebc76b133c3e13d838def1aa", "fields": {"session_data": "NDZhNDA4MGI4NzE2NjM2NzcwNTJjNzYwNjAxZDY2YmRiMzNmZDkyNzp7Il9hdXRoX3VzZXJfYmFja2VuZCI6ImRqYW5nby5jb250cmliLmF1dGguYmFja2VuZHMuTW9kZWxCYWNrZW5kIiwiX2F1dGhfdXNlcl9pZCI6IjEiLCJfYXV0aF91c2VyX2hhc2giOiIyYWFkMzIzNGYxZTMxNTk1YTkyN2Y4MDk5NmI0NzQ4Mzc4NjUyOTk0Iiwicm9vbXMiOltdfQ==", "expire_date": "2017-11-23T18:15:45.891Z"}}, {"model": "sessions.session", "pk": "chn207a6b8cfaba15278223ea3c5119d", "fields": {"session_data": "ZDNkMjczZTY5MTIzZGRlODVlOTAyNWRmNjE4OTBiMjU2NzRiYzM3Zjp7Il9hdXRoX3VzZXJfYmFja2VuZCI6ImRqYW5nby5jb250cmliLmF1dGguYmFja2VuZHMuTW9kZWxCYWNrZW5kIiwiX2F1dGhfdXNlcl9pZCI6IjMiLCJfYXV0aF91c2VyX2hhc2giOiJhNWU3Mzc3MTQ0NWI2YmQ2Y2Y5ZjMzMmFiNGUyYjdjMTczN2Q5NmEwIiwicm9vbXMiOltdfQ==", "expire_date": "2017-11-23T18:44:06.632Z"}}, {"model": "sessions.session", "pk": "chn2409069ef26c8a5c1fbb2aaee6410", "fields": {"session_data": "NDZhNDA4MGI4NzE2NjM2NzcwNTJjNzYwNjAxZDY2YmRiMzNmZDkyNzp7Il9hdXRoX3VzZXJfYmFja2VuZCI6ImRqYW5nby5jb250cmliLmF1dGguYmFja2VuZHMuTW9kZWxCYWNrZW5kIiwiX2F1dGhfdXNlcl9pZCI6IjEiLCJfYXV0aF91c2VyX2hhc2giOiIyYWFkMzIzNGYxZTMxNTk1YTkyN2Y4MDk5NmI0NzQ4Mzc4NjUyOTk0Iiwicm9vbXMiOltdfQ==", "expire_date": "2017-11-23T18:02:28.706Z"}}, {"model": "sessions.session", "pk": "chn254b4307c98c8162a29b3eafdfcbd", "fields": {"session_data": "NDZhNDA4MGI4NzE2NjM2NzcwNTJjNzYwNjAxZDY2YmRiMzNmZDkyNzp7Il9hdXRoX3VzZXJfYmFja2VuZCI6ImRqYW5nby5jb250cmliLmF1dGguYmFja2VuZHMuTW9kZWxCYWNrZW5kIiwiX2F1dGhfdXNlcl9pZCI6IjEiLCJfYXV0aF91c2VyX2hhc2giOiIyYWFkMzIzNGYxZTMxNTk1YTkyN2Y4MDk5NmI0NzQ4Mzc4NjUyOTk0Iiwicm9vbXMiOltdfQ==", "expire_date": "2017-11-23T18:35:22.653Z"}}, {"model": "sessions.session", "pk": "chn2b7c811ee091d06c0739833c45c63", "fields": {"session_data": "NDZhNDA4MGI4NzE2NjM2NzcwNTJjNzYwNjAxZDY2YmRiMzNmZDkyNzp7Il9hdXRoX3VzZXJfYmFja2VuZCI6ImRqYW5nby5jb250cmliLmF1dGguYmFja2VuZHMuTW9kZWxCYWNrZW5kIiwiX2F1dGhfdXNlcl9pZCI6IjEiLCJfYXV0aF91c2VyX2hhc2giOiIyYWFkMzIzNGYxZTMxNTk1YTkyN2Y4MDk5NmI0NzQ4Mzc4NjUyOTk0Iiwicm9vbXMiOltdfQ==", "expire_date": "2017-11-23T18:39:13.003Z"}}, {"model": "sessions.session", "pk": "chn2dc60ec4f0635db8877db42e2f00f", "fields": {"session_data": "NDZhNDA4MGI4NzE2NjM2NzcwNTJjNzYwNjAxZDY2YmRiMzNmZDkyNzp7Il9hdXRoX3VzZXJfYmFja2VuZCI6ImRqYW5nby5jb250cmliLmF1dGguYmFja2VuZHMuTW9kZWxCYWNrZW5kIiwiX2F1dGhfdXNlcl9pZCI6IjEiLCJfYXV0aF91c2VyX2hhc2giOiIyYWFkMzIzNGYxZTMxNTk1YTkyN2Y4MDk5NmI0NzQ4Mzc4NjUyOTk0Iiwicm9vbXMiOltdfQ==", "expire_date": "2017-11-23T18:07:50.570Z"}}, {"model": "sessions.session", "pk": "chn2f8220660df7d653d531a49a05c2d", "fields": {"session_data": "NDZhNDA4MGI4NzE2NjM2NzcwNTJjNzYwNjAxZDY2YmRiMzNmZDkyNzp7Il9hdXRoX3VzZXJfYmFja2VuZCI6ImRqYW5nby5jb250cmliLmF1dGguYmFja2VuZHMuTW9kZWxCYWNrZW5kIiwiX2F1dGhfdXNlcl9pZCI6IjEiLCJfYXV0aF91c2VyX2hhc2giOiIyYWFkMzIzNGYxZTMxNTk1YTkyN2Y4MDk5NmI0NzQ4Mzc4NjUyOTk0Iiwicm9vbXMiOltdfQ==", "expire_date": "2017-11-23T18:38:12.982Z"}}, {"model": "sessions.session", "pk": "chn32d7d4c06fb97fd26edbf8cfcc724", "fields": {"session_data": "NDZhNDA4MGI4NzE2NjM2NzcwNTJjNzYwNjAxZDY2YmRiMzNmZDkyNzp7Il9hdXRoX3VzZXJfYmFja2VuZCI6ImRqYW5nby5jb250cmliLmF1dGguYmFja2VuZHMuTW9kZWxCYWNrZW5kIiwiX2F1dGhfdXNlcl9pZCI6IjEiLCJfYXV0aF91c2VyX2hhc2giOiIyYWFkMzIzNGYxZTMxNTk1YTkyN2Y4MDk5NmI0NzQ4Mzc4NjUyOTk0Iiwicm9vbXMiOltdfQ==", "expire_date": "2017-11-23T18:28:49.230Z"}}, {"model": "sessions.session", "pk": "chn3ad2b58c6ac0a8827b2a3a030eb2e", "fields": {"session_data": "NDZhNDA4MGI4NzE2NjM2NzcwNTJjNzYwNjAxZDY2YmRiMzNmZDkyNzp7Il9hdXRoX3VzZXJfYmFja2VuZCI6ImRqYW5nby5jb250cmliLmF1dGguYmFja2VuZHMuTW9kZWxCYWNrZW5kIiwiX2F1dGhfdXNlcl9pZCI6IjEiLCJfYXV0aF91c2VyX2hhc2giOiIyYWFkMzIzNGYxZTMxNTk1YTkyN2Y4MDk5NmI0NzQ4Mzc4NjUyOTk0Iiwicm9vbXMiOltdfQ==", "expire_date": "2017-11-24T02:48:53.973Z"}}, {"model": "sessions.session", "pk": "chn42703c2952e96715603460fe9fc2e", "fields": {"session_data": "NDZhNDA4MGI4NzE2NjM2NzcwNTJjNzYwNjAxZDY2YmRiMzNmZDkyNzp7Il9hdXRoX3VzZXJfYmFja2VuZCI6ImRqYW5nby5jb250cmliLmF1dGguYmFja2VuZHMuTW9kZWxCYWNrZW5kIiwiX2F1dGhfdXNlcl9pZCI6IjEiLCJfYXV0aF91c2VyX2hhc2giOiIyYWFkMzIzNGYxZTMxNTk1YTkyN2Y4MDk5NmI0NzQ4Mzc4NjUyOTk0Iiwicm9vbXMiOltdfQ==", "expire_date": "2017-11-24T02:57:04.721Z"}}, {"model": "sessions.session", "pk": "chn46c6c3a4d777e75a6effbf8658422", "fields": {"session_data": "NDZhNDA4MGI4NzE2NjM2NzcwNTJjNzYwNjAxZDY2YmRiMzNmZDkyNzp7Il9hdXRoX3VzZXJfYmFja2VuZCI6ImRqYW5nby5jb250cmliLmF1dGguYmFja2VuZHMuTW9kZWxCYWNrZW5kIiwiX2F1dGhfdXNlcl9pZCI6IjEiLCJfYXV0aF91c2VyX2hhc2giOiIyYWFkMzIzNGYxZTMxNTk1YTkyN2Y4MDk5NmI0NzQ4Mzc4NjUyOTk0Iiwicm9vbXMiOltdfQ==", "expire_date": "2017-11-24T03:01:16.812Z"}}, {"model": "sessions.session", "pk": "chn479c17e93492f42d056ca5e10d5c2", "fields": {"session_data": "NDZhNDA4MGI4NzE2NjM2NzcwNTJjNzYwNjAxZDY2YmRiMzNmZDkyNzp7Il9hdXRoX3VzZXJfYmFja2VuZCI6ImRqYW5nby5jb250cmliLmF1dGguYmFja2VuZHMuTW9kZWxCYWNrZW5kIiwiX2F1dGhfdXNlcl9pZCI6IjEiLCJfYXV0aF91c2VyX2hhc2giOiIyYWFkMzIzNGYxZTMxNTk1YTkyN2Y4MDk5NmI0NzQ4Mzc4NjUyOTk0Iiwicm9vbXMiOltdfQ==", "expire_date": "2017-11-23T18:29:39.262Z"}}, {"model": "sessions.session", "pk": "chn4c4910b9cf78ff65f1f299027ede4", "fields": {"session_data": "NDZhNDA4MGI4NzE2NjM2NzcwNTJjNzYwNjAxZDY2YmRiMzNmZDkyNzp7Il9hdXRoX3VzZXJfYmFja2VuZCI6ImRqYW5nby5jb250cmliLmF1dGguYmFja2VuZHMuTW9kZWxCYWNrZW5kIiwiX2F1dGhfdXNlcl9pZCI6IjEiLCJfYXV0aF91c2VyX2hhc2giOiIyYWFkMzIzNGYxZTMxNTk1YTkyN2Y4MDk5NmI0NzQ4Mzc4NjUyOTk0Iiwicm9vbXMiOltdfQ==", "expire_date": "2017-11-23T18:09:37.657Z"}}, {"model": "sessions.session", "pk": "chn4c7333bb7eadaa21b4e8d4d2f01e7", "fields": {"session_data": "NDZhNDA4MGI4NzE2NjM2NzcwNTJjNzYwNjAxZDY2YmRiMzNmZDkyNzp7Il9hdXRoX3VzZXJfYmFja2VuZCI6ImRqYW5nby5jb250cmliLmF1dGguYmFja2VuZHMuTW9kZWxCYWNrZW5kIiwiX2F1dGhfdXNlcl9pZCI6IjEiLCJfYXV0aF91c2VyX2hhc2giOiIyYWFkMzIzNGYxZTMxNTk1YTkyN2Y4MDk5NmI0NzQ4Mzc4NjUyOTk0Iiwicm9vbXMiOltdfQ==", "expire_date": "2017-11-24T02:57:02.807Z"}}, {"model": "sessions.session", "pk": "chn51d71b7f50d932563047f4811440d", "fields": {"session_data": "NDZhNDA4MGI4NzE2NjM2NzcwNTJjNzYwNjAxZDY2YmRiMzNmZDkyNzp7Il9hdXRoX3VzZXJfYmFja2VuZCI6ImRqYW5nby5jb250cmliLmF1dGguYmFja2VuZHMuTW9kZWxCYWNrZW5kIiwiX2F1dGhfdXNlcl9pZCI6IjEiLCJfYXV0aF91c2VyX2hhc2giOiIyYWFkMzIzNGYxZTMxNTk1YTkyN2Y4MDk5NmI0NzQ4Mzc4NjUyOTk0Iiwicm9vbXMiOltdfQ==", "expire_date": "2017-11-23T18:41:37.147Z"}}, {"model": "sessions.session", "pk": "chn53d0cb7750baffc230af0666f3d7b", "fields": {"session_data": "NDZhNDA4MGI4NzE2NjM2NzcwNTJjNzYwNjAxZDY2YmRiMzNmZDkyNzp7Il9hdXRoX3VzZXJfYmFja2VuZCI6ImRqYW5nby5jb250cmliLmF1dGguYmFja2VuZHMuTW9kZWxCYWNrZW5kIiwiX2F1dGhfdXNlcl9pZCI6IjEiLCJfYXV0aF91c2VyX2hhc2giOiIyYWFkMzIzNGYxZTMxNTk1YTkyN2Y4MDk5NmI0NzQ4Mzc4NjUyOTk0Iiwicm9vbXMiOltdfQ==", "expire_date": "2017-11-23T18:35:28.126Z"}}, {"model": "sessions.session", "pk": "chn566f4e00d4daf0d69a46c1dab9585", "fields": {"session_data": "NDZhNDA4MGI4NzE2NjM2NzcwNTJjNzYwNjAxZDY2YmRiMzNmZDkyNzp7Il9hdXRoX3VzZXJfYmFja2VuZCI6ImRqYW5nby5jb250cmliLmF1dGguYmFja2VuZHMuTW9kZWxCYWNrZW5kIiwiX2F1dGhfdXNlcl9pZCI6IjEiLCJfYXV0aF91c2VyX2hhc2giOiIyYWFkMzIzNGYxZTMxNTk1YTkyN2Y4MDk5NmI0NzQ4Mzc4NjUyOTk0Iiwicm9vbXMiOltdfQ==", "expire_date": "2017-11-23T18:35:42.276Z"}}, {"model": "sessions.session", "pk": "chn576b404c23240d3187f7a4b6fd890", "fields": {"session_data": "NDZhNDA4MGI4NzE2NjM2NzcwNTJjNzYwNjAxZDY2YmRiMzNmZDkyNzp7Il9hdXRoX3VzZXJfYmFja2VuZCI6ImRqYW5nby5jb250cmliLmF1dGguYmFja2VuZHMuTW9kZWxCYWNrZW5kIiwiX2F1dGhfdXNlcl9pZCI6IjEiLCJfYXV0aF91c2VyX2hhc2giOiIyYWFkMzIzNGYxZTMxNTk1YTkyN2Y4MDk5NmI0NzQ4Mzc4NjUyOTk0Iiwicm9vbXMiOltdfQ==", "expire_date": "2017-11-24T02:48:21.738Z"}}, {"model": "sessions.session", "pk": "chn5d89cd0e3823b0361fe281bfb338a", "fields": {"session_data": "NDZhNDA4MGI4NzE2NjM2NzcwNTJjNzYwNjAxZDY2YmRiMzNmZDkyNzp7Il9hdXRoX3VzZXJfYmFja2VuZCI6ImRqYW5nby5jb250cmliLmF1dGguYmFja2VuZHMuTW9kZWxCYWNrZW5kIiwiX2F1dGhfdXNlcl9pZCI6IjEiLCJfYXV0aF91c2VyX2hhc2giOiIyYWFkMzIzNGYxZTMxNTk1YTkyN2Y4MDk5NmI0NzQ4Mzc4NjUyOTk0Iiwicm9vbXMiOltdfQ==", "expire_date": "2017-11-23T18:40:53.005Z"}}, {"model": "sessions.session", "pk": "chn63886dcbdf369e46adc2daf8fcb18", "fields": {"session_data": "NDZhNDA4MGI4NzE2NjM2NzcwNTJjNzYwNjAxZDY2YmRiMzNmZDkyNzp7Il9hdXRoX3VzZXJfYmFja2VuZCI6ImRqYW5nby5jb250cmliLmF1dGguYmFja2VuZHMuTW9kZWxCYWNrZW5kIiwiX2F1dGhfdXNlcl9pZCI6IjEiLCJfYXV0aF91c2VyX2hhc2giOiIyYWFkMzIzNGYxZTMxNTk1YTkyN2Y4MDk5NmI0NzQ4Mzc4NjUyOTk0Iiwicm9vbXMiOltdfQ==", "expire_date": "2017-11-24T02:57:05.591Z"}}, {"model": "sessions.session", "pk": "chn66384389911f15b4a79883d0ff258", "fields": {"session_data": "NDZhNDA4MGI4NzE2NjM2NzcwNTJjNzYwNjAxZDY2YmRiMzNmZDkyNzp7Il9hdXRoX3VzZXJfYmFja2VuZCI6ImRqYW5nby5jb250cmliLmF1dGguYmFja2VuZHMuTW9kZWxCYWNrZW5kIiwiX2F1dGhfdXNlcl9pZCI6IjEiLCJfYXV0aF91c2VyX2hhc2giOiIyYWFkMzIzNGYxZTMxNTk1YTkyN2Y4MDk5NmI0NzQ4Mzc4NjUyOTk0Iiwicm9vbXMiOltdfQ==", "expire_date": "2017-11-24T02:48:27.959Z"}}, {"model": "sessions.session", "pk": "chn6a9402ecf1c69505aeb228e3fb1ed", "fields": {"session_data": "NDZhNDA4MGI4NzE2NjM2NzcwNTJjNzYwNjAxZDY2YmRiMzNmZDkyNzp7Il9hdXRoX3VzZXJfYmFja2VuZCI6ImRqYW5nby5jb250cmliLmF1dGguYmFja2VuZHMuTW9kZWxCYWNrZW5kIiwiX2F1dGhfdXNlcl9pZCI6IjEiLCJfYXV0aF91c2VyX2hhc2giOiIyYWFkMzIzNGYxZTMxNTk1YTkyN2Y4MDk5NmI0NzQ4Mzc4NjUyOTk0Iiwicm9vbXMiOltdfQ==", "expire_date": "2017-11-23T18:41:17.628Z"}}, {"model": "sessions.session", "pk": "chn6d3f442be72209477618b94246b95", "fields": {"session_data": "NDZhNDA4MGI4NzE2NjM2NzcwNTJjNzYwNjAxZDY2YmRiMzNmZDkyNzp7Il9hdXRoX3VzZXJfYmFja2VuZCI6ImRqYW5nby5jb250cmliLmF1dGguYmFja2VuZHMuTW9kZWxCYWNrZW5kIiwiX2F1dGhfdXNlcl9pZCI6IjEiLCJfYXV0aF91c2VyX2hhc2giOiIyYWFkMzIzNGYxZTMxNTk1YTkyN2Y4MDk5NmI0NzQ4Mzc4NjUyOTk0Iiwicm9vbXMiOltdfQ==", "expire_date": "2017-11-23T18:34:35.965Z"}}, {"model": "sessions.session", "pk": "chn740a2ac966b8fa174e5f4268c0d74", "fields": {"session_data": "NDZhNDA4MGI4NzE2NjM2NzcwNTJjNzYwNjAxZDY2YmRiMzNmZDkyNzp7Il9hdXRoX3VzZXJfYmFja2VuZCI6ImRqYW5nby5jb250cmliLmF1dGguYmFja2VuZHMuTW9kZWxCYWNrZW5kIiwiX2F1dGhfdXNlcl9pZCI6IjEiLCJfYXV0aF91c2VyX2hhc2giOiIyYWFkMzIzNGYxZTMxNTk1YTkyN2Y4MDk5NmI0NzQ4Mzc4NjUyOTk0Iiwicm9vbXMiOltdfQ==", "expire_date": "2017-11-23T18:41:48.170Z"}}, {"model": "sessions.session", "pk": "chn779c29d28c4d43b88ed2a41a0f773", "fields": {"session_data": "ZDRhN2Y3ZDczNTVlYjAyNzBjN2NiZmFhOTk5MjExNjRjMDlkMTEyMTp7Il9hdXRoX3VzZXJfYmFja2VuZCI6ImRqYW5nby5jb250cmliLmF1dGguYmFja2VuZHMuTW9kZWxCYWNrZW5kIiwiX2F1dGhfdXNlcl9pZCI6IjEiLCJfYXV0aF91c2VyX2hhc2giOiIyYWFkMzIzNGYxZTMxNTk1YTkyN2Y4MDk5NmI0NzQ4Mzc4NjUyOTk0Iiwicm9vbXMiOlsxXX0=", "expire_date": "2017-11-23T18:30:06.015Z"}}, {"model": "sessions.session", "pk": "chn794a898485fec7392ce7f7b427775", "fields": {"session_data": "NDZhNDA4MGI4NzE2NjM2NzcwNTJjNzYwNjAxZDY2YmRiMzNmZDkyNzp7Il9hdXRoX3VzZXJfYmFja2VuZCI6ImRqYW5nby5jb250cmliLmF1dGguYmFja2VuZHMuTW9kZWxCYWNrZW5kIiwiX2F1dGhfdXNlcl9pZCI6IjEiLCJfYXV0aF91c2VyX2hhc2giOiIyYWFkMzIzNGYxZTMxNTk1YTkyN2Y4MDk5NmI0NzQ4Mzc4NjUyOTk0Iiwicm9vbXMiOltdfQ==", "expire_date": "2017-11-23T18:10:04.677Z"}}, {"model": "sessions.session", "pk": "chn7cba08a4a5ec77e11be69be5f4159", "fields": {"session_data": "ZDRhN2Y3ZDczNTVlYjAyNzBjN2NiZmFhOTk5MjExNjRjMDlkMTEyMTp7Il9hdXRoX3VzZXJfYmFja2VuZCI6ImRqYW5nby5jb250cmliLmF1dGguYmFja2VuZHMuTW9kZWxCYWNrZW5kIiwiX2F1dGhfdXNlcl9pZCI6IjEiLCJfYXV0aF91c2VyX2hhc2giOiIyYWFkMzIzNGYxZTMxNTk1YTkyN2Y4MDk5NmI0NzQ4Mzc4NjUyOTk0Iiwicm9vbXMiOlsxXX0=", "expire_date": "2017-11-23T18:33:26.597Z"}}, {"model": "sessions.session", "pk": "chn8f2c653633306e9cf723528261507", "fields": {"session_data": "NDZhNDA4MGI4NzE2NjM2NzcwNTJjNzYwNjAxZDY2YmRiMzNmZDkyNzp7Il9hdXRoX3VzZXJfYmFja2VuZCI6ImRqYW5nby5jb250cmliLmF1dGguYmFja2VuZHMuTW9kZWxCYWNrZW5kIiwiX2F1dGhfdXNlcl9pZCI6IjEiLCJfYXV0aF91c2VyX2hhc2giOiIyYWFkMzIzNGYxZTMxNTk1YTkyN2Y4MDk5NmI0NzQ4Mzc4NjUyOTk0Iiwicm9vbXMiOltdfQ==", "expire_date": "2017-11-23T18:27:32.262Z"}}, {"model": "sessions.session", "pk": "chn96f4196b9bd7ab06649a30d9cc262", "fields": {"session_data": "NDZhNDA4MGI4NzE2NjM2NzcwNTJjNzYwNjAxZDY2YmRiMzNmZDkyNzp7Il9hdXRoX3VzZXJfYmFja2VuZCI6ImRqYW5nby5jb250cmliLmF1dGguYmFja2VuZHMuTW9kZWxCYWNrZW5kIiwiX2F1dGhfdXNlcl9pZCI6IjEiLCJfYXV0aF91c2VyX2hhc2giOiIyYWFkMzIzNGYxZTMxNTk1YTkyN2Y4MDk5NmI0NzQ4Mzc4NjUyOTk0Iiwicm9vbXMiOltdfQ==", "expire_date": "2017-11-23T18:10:56.140Z"}}, {"model": "sessions.session", "pk": "chn9749b99f8afc0baf8c60376082b7b", "fields": {"session_data": "NDZhNDA4MGI4NzE2NjM2NzcwNTJjNzYwNjAxZDY2YmRiMzNmZDkyNzp7Il9hdXRoX3VzZXJfYmFja2VuZCI6ImRqYW5nby5jb250cmliLmF1dGguYmFja2VuZHMuTW9kZWxCYWNrZW5kIiwiX2F1dGhfdXNlcl9pZCI6IjEiLCJfYXV0aF91c2VyX2hhc2giOiIyYWFkMzIzNGYxZTMxNTk1YTkyN2Y4MDk5NmI0NzQ4Mzc4NjUyOTk0Iiwicm9vbXMiOltdfQ==", "expire_date": "2017-11-24T02:57:08.271Z"}}, {"model": "sessions.session", "pk": "chn97f733d91a101d9739f6d0e99c02f", "fields": {"session_data": "NDZhNDA4MGI4NzE2NjM2NzcwNTJjNzYwNjAxZDY2YmRiMzNmZDkyNzp7Il9hdXRoX3VzZXJfYmFja2VuZCI6ImRqYW5nby5jb250cmliLmF1dGguYmFja2VuZHMuTW9kZWxCYWNrZW5kIiwiX2F1dGhfdXNlcl9pZCI6IjEiLCJfYXV0aF91c2VyX2hhc2giOiIyYWFkMzIzNGYxZTMxNTk1YTkyN2Y4MDk5NmI0NzQ4Mzc4NjUyOTk0Iiwicm9vbXMiOltdfQ==", "expire_date": "2017-11-23T18:18:28.591Z"}}, {"model": "sessions.session", "pk": "chn992f2b915d038685179c2a6e20ba2", "fields": {"session_data": "NDZhNDA4MGI4NzE2NjM2NzcwNTJjNzYwNjAxZDY2YmRiMzNmZDkyNzp7Il9hdXRoX3VzZXJfYmFja2VuZCI6ImRqYW5nby5jb250cmliLmF1dGguYmFja2VuZHMuTW9kZWxCYWNrZW5kIiwiX2F1dGhfdXNlcl9pZCI6IjEiLCJfYXV0aF91c2VyX2hhc2giOiIyYWFkMzIzNGYxZTMxNTk1YTkyN2Y4MDk5NmI0NzQ4Mzc4NjUyOTk0Iiwicm9vbXMiOltdfQ==", "expire_date": "2017-11-24T02:57:01.418Z"}}, {"model": "sessions.session", "pk": "chn9eeaa290fe25c78af034f6576db27", "fields": {"session_data": "NDZhNDA4MGI4NzE2NjM2NzcwNTJjNzYwNjAxZDY2YmRiMzNmZDkyNzp7Il9hdXRoX3VzZXJfYmFja2VuZCI6ImRqYW5nby5jb250cmliLmF1dGguYmFja2VuZHMuTW9kZWxCYWNrZW5kIiwiX2F1dGhfdXNlcl9pZCI6IjEiLCJfYXV0aF91c2VyX2hhc2giOiIyYWFkMzIzNGYxZTMxNTk1YTkyN2Y4MDk5NmI0NzQ4Mzc4NjUyOTk0Iiwicm9vbXMiOltdfQ==", "expire_date": "2017-11-23T18:05:09.846Z"}}, {"model": "sessions.session", "pk": "chna2ef8b754cb17ea44bd5eff290b07", "fields": {"session_data": "NDZhNDA4MGI4NzE2NjM2NzcwNTJjNzYwNjAxZDY2YmRiMzNmZDkyNzp7Il9hdXRoX3VzZXJfYmFja2VuZCI6ImRqYW5nby5jb250cmliLmF1dGguYmFja2VuZHMuTW9kZWxCYWNrZW5kIiwiX2F1dGhfdXNlcl9pZCI6IjEiLCJfYXV0aF91c2VyX2hhc2giOiIyYWFkMzIzNGYxZTMxNTk1YTkyN2Y4MDk5NmI0NzQ4Mzc4NjUyOTk0Iiwicm9vbXMiOltdfQ==", "expire_date": "2017-11-23T18:53:42.529Z"}}, {"model": "sessions.session", "pk": "chna3fc07b0cb12a4ac9919e6dc64a24", "fields": {"session_data": "NDZhNDA4MGI4NzE2NjM2NzcwNTJjNzYwNjAxZDY2YmRiMzNmZDkyNzp7Il9hdXRoX3VzZXJfYmFja2VuZCI6ImRqYW5nby5jb250cmliLmF1dGguYmFja2VuZHMuTW9kZWxCYWNrZW5kIiwiX2F1dGhfdXNlcl9pZCI6IjEiLCJfYXV0aF91c2VyX2hhc2giOiIyYWFkMzIzNGYxZTMxNTk1YTkyN2Y4MDk5NmI0NzQ4Mzc4NjUyOTk0Iiwicm9vbXMiOltdfQ==", "expire_date": "2017-11-24T02:56:57.890Z"}}, {"model": "sessions.session", "pk": "chna72d944fe4cb803bbaa6b91d4df00", "fields": {"session_data": "NDZhNDA4MGI4NzE2NjM2NzcwNTJjNzYwNjAxZDY2YmRiMzNmZDkyNzp7Il9hdXRoX3VzZXJfYmFja2VuZCI6ImRqYW5nby5jb250cmliLmF1dGguYmFja2VuZHMuTW9kZWxCYWNrZW5kIiwiX2F1dGhfdXNlcl9pZCI6IjEiLCJfYXV0aF91c2VyX2hhc2giOiIyYWFkMzIzNGYxZTMxNTk1YTkyN2Y4MDk5NmI0NzQ4Mzc4NjUyOTk0Iiwicm9vbXMiOltdfQ==", "expire_date": "2017-11-23T18:40:20.346Z"}}, {"model": "sessions.session", "pk": "chna782037f42734bcfc1e2c980cad67", "fields": {"session_data": "NDZhNDA4MGI4NzE2NjM2NzcwNTJjNzYwNjAxZDY2YmRiMzNmZDkyNzp7Il9hdXRoX3VzZXJfYmFja2VuZCI6ImRqYW5nby5jb250cmliLmF1dGguYmFja2VuZHMuTW9kZWxCYWNrZW5kIiwiX2F1dGhfdXNlcl9pZCI6IjEiLCJfYXV0aF91c2VyX2hhc2giOiIyYWFkMzIzNGYxZTMxNTk1YTkyN2Y4MDk5NmI0NzQ4Mzc4NjUyOTk0Iiwicm9vbXMiOltdfQ==", "expire_date": "2017-11-23T18:06:51.728Z"}}, {"model": "sessions.session", "pk": "chna88b67fedfa7d59728e271e1de3a0", "fields": {"session_data": "ZDRhN2Y3ZDczNTVlYjAyNzBjN2NiZmFhOTk5MjExNjRjMDlkMTEyMTp7Il9hdXRoX3VzZXJfYmFja2VuZCI6ImRqYW5nby5jb250cmliLmF1dGguYmFja2VuZHMuTW9kZWxCYWNrZW5kIiwiX2F1dGhfdXNlcl9pZCI6IjEiLCJfYXV0aF91c2VyX2hhc2giOiIyYWFkMzIzNGYxZTMxNTk1YTkyN2Y4MDk5NmI0NzQ4Mzc4NjUyOTk0Iiwicm9vbXMiOlsxXX0=", "expire_date": "2017-11-23T18:37:01.991Z"}}, {"model": "sessions.session", "pk": "chnaa8d5177de67c4e16d467137dd704", "fields": {"session_data": "NDZhNDA4MGI4NzE2NjM2NzcwNTJjNzYwNjAxZDY2YmRiMzNmZDkyNzp7Il9hdXRoX3VzZXJfYmFja2VuZCI6ImRqYW5nby5jb250cmliLmF1dGguYmFja2VuZHMuTW9kZWxCYWNrZW5kIiwiX2F1dGhfdXNlcl9pZCI6IjEiLCJfYXV0aF91c2VyX2hhc2giOiIyYWFkMzIzNGYxZTMxNTk1YTkyN2Y4MDk5NmI0NzQ4Mzc4NjUyOTk0Iiwicm9vbXMiOltdfQ==", "expire_date": "2017-11-23T18:35:32.373Z"}}, {"model": "sessions.session", "pk": "chnb189169304fc347830006e7fd7bc6", "fields": {"session_data": "NDZhNDA4MGI4NzE2NjM2NzcwNTJjNzYwNjAxZDY2YmRiMzNmZDkyNzp7Il9hdXRoX3VzZXJfYmFja2VuZCI6ImRqYW5nby5jb250cmliLmF1dGguYmFja2VuZHMuTW9kZWxCYWNrZW5kIiwiX2F1dGhfdXNlcl9pZCI6IjEiLCJfYXV0aF91c2VyX2hhc2giOiIyYWFkMzIzNGYxZTMxNTk1YTkyN2Y4MDk5NmI0NzQ4Mzc4NjUyOTk0Iiwicm9vbXMiOltdfQ==", "expire_date": "2017-11-23T18:34:44.732Z"}}, {"model": "sessions.session", "pk": "chnb5eae7b0583a76e3742367c660560", "fields": {"session_data": "NDZhNDA4MGI4NzE2NjM2NzcwNTJjNzYwNjAxZDY2YmRiMzNmZDkyNzp7Il9hdXRoX3VzZXJfYmFja2VuZCI6ImRqYW5nby5jb250cmliLmF1dGguYmFja2VuZHMuTW9kZWxCYWNrZW5kIiwiX2F1dGhfdXNlcl9pZCI6IjEiLCJfYXV0aF91c2VyX2hhc2giOiIyYWFkMzIzNGYxZTMxNTk1YTkyN2Y4MDk5NmI0NzQ4Mzc4NjUyOTk0Iiwicm9vbXMiOltdfQ==", "expire_date": "2017-11-24T02:54:49.872Z"}}, {"model": "sessions.session", "pk": "chnb6c7130c0ab0a798e243412dc96bc", "fields": {"session_data": "NDZhNDA4MGI4NzE2NjM2NzcwNTJjNzYwNjAxZDY2YmRiMzNmZDkyNzp7Il9hdXRoX3VzZXJfYmFja2VuZCI6ImRqYW5nby5jb250cmliLmF1dGguYmFja2VuZHMuTW9kZWxCYWNrZW5kIiwiX2F1dGhfdXNlcl9pZCI6IjEiLCJfYXV0aF91c2VyX2hhc2giOiIyYWFkMzIzNGYxZTMxNTk1YTkyN2Y4MDk5NmI0NzQ4Mzc4NjUyOTk0Iiwicm9vbXMiOltdfQ==", "expire_date": "2017-11-23T18:35:16.758Z"}}, {"model": "sessions.session", "pk": "chnbfcdedfeae6f8e841679ad8c8cf37", "fields": {"session_data": "NDZhNDA4MGI4NzE2NjM2NzcwNTJjNzYwNjAxZDY2YmRiMzNmZDkyNzp7Il9hdXRoX3VzZXJfYmFja2VuZCI6ImRqYW5nby5jb250cmliLmF1dGguYmFja2VuZHMuTW9kZWxCYWNrZW5kIiwiX2F1dGhfdXNlcl9pZCI6IjEiLCJfYXV0aF91c2VyX2hhc2giOiIyYWFkMzIzNGYxZTMxNTk1YTkyN2Y4MDk5NmI0NzQ4Mzc4NjUyOTk0Iiwicm9vbXMiOltdfQ==", "expire_date": "2017-11-23T18:26:37.264Z"}}, {"model": "sessions.session", "pk": "chnc0bcf5bb0ed399f9b1776f5aa80ed", "fields": {"session_data": "NDZhNDA4MGI4NzE2NjM2NzcwNTJjNzYwNjAxZDY2YmRiMzNmZDkyNzp7Il9hdXRoX3VzZXJfYmFja2VuZCI6ImRqYW5nby5jb250cmliLmF1dGguYmFja2VuZHMuTW9kZWxCYWNrZW5kIiwiX2F1dGhfdXNlcl9pZCI6IjEiLCJfYXV0aF91c2VyX2hhc2giOiIyYWFkMzIzNGYxZTMxNTk1YTkyN2Y4MDk5NmI0NzQ4Mzc4NjUyOTk0Iiwicm9vbXMiOltdfQ==", "expire_date": "2017-11-23T18:36:29.388Z"}}, {"model": "sessions.session", "pk": "chnc1a4c223a7044bacaf9282e282270", "fields": {"session_data": "ZDRhN2Y3ZDczNTVlYjAyNzBjN2NiZmFhOTk5MjExNjRjMDlkMTEyMTp7Il9hdXRoX3VzZXJfYmFja2VuZCI6ImRqYW5nby5jb250cmliLmF1dGguYmFja2VuZHMuTW9kZWxCYWNrZW5kIiwiX2F1dGhfdXNlcl9pZCI6IjEiLCJfYXV0aF91c2VyX2hhc2giOiIyYWFkMzIzNGYxZTMxNTk1YTkyN2Y4MDk5NmI0NzQ4Mzc4NjUyOTk0Iiwicm9vbXMiOlsxXX0=", "expire_date": "2017-11-23T18:29:42.597Z"}}, {"model": "sessions.session", "pk": "chnc3334c4b6ed4598db852949a47fe4", "fields": {"session_data": "NDZhNDA4MGI4NzE2NjM2NzcwNTJjNzYwNjAxZDY2YmRiMzNmZDkyNzp7Il9hdXRoX3VzZXJfYmFja2VuZCI6ImRqYW5nby5jb250cmliLmF1dGguYmFja2VuZHMuTW9kZWxCYWNrZW5kIiwiX2F1dGhfdXNlcl9pZCI6IjEiLCJfYXV0aF91c2VyX2hhc2giOiIyYWFkMzIzNGYxZTMxNTk1YTkyN2Y4MDk5NmI0NzQ4Mzc4NjUyOTk0Iiwicm9vbXMiOltdfQ==", "expire_date": "2017-11-23T18:18:11.261Z"}}, {"model": "sessions.session", "pk": "chnc3be49ec2ab6a6ceef103c2386887", "fields": {"session_data": "NDZhNDA4MGI4NzE2NjM2NzcwNTJjNzYwNjAxZDY2YmRiMzNmZDkyNzp7Il9hdXRoX3VzZXJfYmFja2VuZCI6ImRqYW5nby5jb250cmliLmF1dGguYmFja2VuZHMuTW9kZWxCYWNrZW5kIiwiX2F1dGhfdXNlcl9pZCI6IjEiLCJfYXV0aF91c2VyX2hhc2giOiIyYWFkMzIzNGYxZTMxNTk1YTkyN2Y4MDk5NmI0NzQ4Mzc4NjUyOTk0Iiwicm9vbXMiOltdfQ==", "expire_date": "2017-11-23T18:27:01.262Z"}}, {"model": "sessions.session", "pk": "chnc413e50c9716dca18e363e1ad95e3", "fields": {"session_data": "NDZhNDA4MGI4NzE2NjM2NzcwNTJjNzYwNjAxZDY2YmRiMzNmZDkyNzp7Il9hdXRoX3VzZXJfYmFja2VuZCI6ImRqYW5nby5jb250cmliLmF1dGguYmFja2VuZHMuTW9kZWxCYWNrZW5kIiwiX2F1dGhfdXNlcl9pZCI6IjEiLCJfYXV0aF91c2VyX2hhc2giOiIyYWFkMzIzNGYxZTMxNTk1YTkyN2Y4MDk5NmI0NzQ4Mzc4NjUyOTk0Iiwicm9vbXMiOltdfQ==", "expire_date": "2017-11-23T18:15:44.264Z"}}, {"model": "sessions.session", "pk": "chnc4a0438a1449a5934579dd69cf482", "fields": {"session_data": "NDZhNDA4MGI4NzE2NjM2NzcwNTJjNzYwNjAxZDY2YmRiMzNmZDkyNzp7Il9hdXRoX3VzZXJfYmFja2VuZCI6ImRqYW5nby5jb250cmliLmF1dGguYmFja2VuZHMuTW9kZWxCYWNrZW5kIiwiX2F1dGhfdXNlcl9pZCI6IjEiLCJfYXV0aF91c2VyX2hhc2giOiIyYWFkMzIzNGYxZTMxNTk1YTkyN2Y4MDk5NmI0NzQ4Mzc4NjUyOTk0Iiwicm9vbXMiOltdfQ==", "expire_date": "2017-11-23T18:35:35.558Z"}}, {"model": "sessions.session", "pk": "chnc5ac903777136febee1904d4c576c", "fields": {"session_data": "NDZhNDA4MGI4NzE2NjM2NzcwNTJjNzYwNjAxZDY2YmRiMzNmZDkyNzp7Il9hdXRoX3VzZXJfYmFja2VuZCI6ImRqYW5nby5jb250cmliLmF1dGguYmFja2VuZHMuTW9kZWxCYWNrZW5kIiwiX2F1dGhfdXNlcl9pZCI6IjEiLCJfYXV0aF91c2VyX2hhc2giOiIyYWFkMzIzNGYxZTMxNTk1YTkyN2Y4MDk5NmI0NzQ4Mzc4NjUyOTk0Iiwicm9vbXMiOltdfQ==", "expire_date": "2017-11-24T02:48:29.994Z"}}, {"model": "sessions.session", "pk": "chnc639d9ed0329b4d72050fc2f3a32f", "fields": {"session_data": "NDZhNDA4MGI4NzE2NjM2NzcwNTJjNzYwNjAxZDY2YmRiMzNmZDkyNzp7Il9hdXRoX3VzZXJfYmFja2VuZCI6ImRqYW5nby5jb250cmliLmF1dGguYmFja2VuZHMuTW9kZWxCYWNrZW5kIiwiX2F1dGhfdXNlcl9pZCI6IjEiLCJfYXV0aF91c2VyX2hhc2giOiIyYWFkMzIzNGYxZTMxNTk1YTkyN2Y4MDk5NmI0NzQ4Mzc4NjUyOTk0Iiwicm9vbXMiOltdfQ==", "expire_date": "2017-11-23T18:34:11.041Z"}}, {"model": "sessions.session", "pk": "chnc84a8bbb3303433456f69d35e1e64", "fields": {"session_data": "NDZhNDA4MGI4NzE2NjM2NzcwNTJjNzYwNjAxZDY2YmRiMzNmZDkyNzp7Il9hdXRoX3VzZXJfYmFja2VuZCI6ImRqYW5nby5jb250cmliLmF1dGguYmFja2VuZHMuTW9kZWxCYWNrZW5kIiwiX2F1dGhfdXNlcl9pZCI6IjEiLCJfYXV0aF91c2VyX2hhc2giOiIyYWFkMzIzNGYxZTMxNTk1YTkyN2Y4MDk5NmI0NzQ4Mzc4NjUyOTk0Iiwicm9vbXMiOltdfQ==", "expire_date": "2017-11-23T18:27:37.537Z"}}, {"model": "sessions.session", "pk": "chncbdc0047c88f7e6fb19a65bad76f7", "fields": {"session_data": "NDZhNDA4MGI4NzE2NjM2NzcwNTJjNzYwNjAxZDY2YmRiMzNmZDkyNzp7Il9hdXRoX3VzZXJfYmFja2VuZCI6ImRqYW5nby5jb250cmliLmF1dGguYmFja2VuZHMuTW9kZWxCYWNrZW5kIiwiX2F1dGhfdXNlcl9pZCI6IjEiLCJfYXV0aF91c2VyX2hhc2giOiIyYWFkMzIzNGYxZTMxNTk1YTkyN2Y4MDk5NmI0NzQ4Mzc4NjUyOTk0Iiwicm9vbXMiOltdfQ==", "expire_date": "2017-11-23T18:44:03.652Z"}}, {"model": "sessions.session", "pk": "chnd0c07ded6e8c4bc9805cf1cc6c939", "fields": {"session_data": "NDZhNDA4MGI4NzE2NjM2NzcwNTJjNzYwNjAxZDY2YmRiMzNmZDkyNzp7Il9hdXRoX3VzZXJfYmFja2VuZCI6ImRqYW5nby5jb250cmliLmF1dGguYmFja2VuZHMuTW9kZWxCYWNrZW5kIiwiX2F1dGhfdXNlcl9pZCI6IjEiLCJfYXV0aF91c2VyX2hhc2giOiIyYWFkMzIzNGYxZTMxNTk1YTkyN2Y4MDk5NmI0NzQ4Mzc4NjUyOTk0Iiwicm9vbXMiOltdfQ==", "expire_date": "2017-11-23T18:22:33.901Z"}}, {"model": "sessions.session", "pk": "chnd478bbf8fb20f97dee4a41daa09a3", "fields": {"session_data": "NDZhNDA4MGI4NzE2NjM2NzcwNTJjNzYwNjAxZDY2YmRiMzNmZDkyNzp7Il9hdXRoX3VzZXJfYmFja2VuZCI6ImRqYW5nby5jb250cmliLmF1dGguYmFja2VuZHMuTW9kZWxCYWNrZW5kIiwiX2F1dGhfdXNlcl9pZCI6IjEiLCJfYXV0aF91c2VyX2hhc2giOiIyYWFkMzIzNGYxZTMxNTk1YTkyN2Y4MDk5NmI0NzQ4Mzc4NjUyOTk0Iiwicm9vbXMiOltdfQ==", "expire_date": "2017-11-23T18:28:42.267Z"}}, {"model": "sessions.session", "pk": "chnd8f2b2e85467ff25c18d89dc00131", "fields": {"session_data": "NDZhNDA4MGI4NzE2NjM2NzcwNTJjNzYwNjAxZDY2YmRiMzNmZDkyNzp7Il9hdXRoX3VzZXJfYmFja2VuZCI6ImRqYW5nby5jb250cmliLmF1dGguYmFja2VuZHMuTW9kZWxCYWNrZW5kIiwiX2F1dGhfdXNlcl9pZCI6IjEiLCJfYXV0aF91c2VyX2hhc2giOiIyYWFkMzIzNGYxZTMxNTk1YTkyN2Y4MDk5NmI0NzQ4Mzc4NjUyOTk0Iiwicm9vbXMiOltdfQ==", "expire_date": "2017-11-23T18:38:30.926Z"}}, {"model": "sessions.session", "pk": "chnd9338fffb6db3e2b9b93cfb21f3d7", "fields": {"session_data": "NDZhNDA4MGI4NzE2NjM2NzcwNTJjNzYwNjAxZDY2YmRiMzNmZDkyNzp7Il9hdXRoX3VzZXJfYmFja2VuZCI6ImRqYW5nby5jb250cmliLmF1dGguYmFja2VuZHMuTW9kZWxCYWNrZW5kIiwiX2F1dGhfdXNlcl9pZCI6IjEiLCJfYXV0aF91c2VyX2hhc2giOiIyYWFkMzIzNGYxZTMxNTk1YTkyN2Y4MDk5NmI0NzQ4Mzc4NjUyOTk0Iiwicm9vbXMiOltdfQ==", "expire_date": "2017-11-23T18:35:44.082Z"}}, {"model": "sessions.session", "pk": "chne620ee5c808de084d2f43307c9466", "fields": {"session_data": "NDZhNDA4MGI4NzE2NjM2NzcwNTJjNzYwNjAxZDY2YmRiMzNmZDkyNzp7Il9hdXRoX3VzZXJfYmFja2VuZCI6ImRqYW5nby5jb250cmliLmF1dGguYmFja2VuZHMuTW9kZWxCYWNrZW5kIiwiX2F1dGhfdXNlcl9pZCI6IjEiLCJfYXV0aF91c2VyX2hhc2giOiIyYWFkMzIzNGYxZTMxNTk1YTkyN2Y4MDk5NmI0NzQ4Mzc4NjUyOTk0Iiwicm9vbXMiOltdfQ==", "expire_date": "2017-11-23T18:06:04.416Z"}}, {"model": "sessions.session", "pk": "chne7ecad8f8e72a2da186e050863176", "fields": {"session_data": "NDZhNDA4MGI4NzE2NjM2NzcwNTJjNzYwNjAxZDY2YmRiMzNmZDkyNzp7Il9hdXRoX3VzZXJfYmFja2VuZCI6ImRqYW5nby5jb250cmliLmF1dGguYmFja2VuZHMuTW9kZWxCYWNrZW5kIiwiX2F1dGhfdXNlcl9pZCI6IjEiLCJfYXV0aF91c2VyX2hhc2giOiIyYWFkMzIzNGYxZTMxNTk1YTkyN2Y4MDk5NmI0NzQ4Mzc4NjUyOTk0Iiwicm9vbXMiOltdfQ==", "expire_date": "2017-11-23T18:35:01.154Z"}}, {"model": "sessions.session", "pk": "chne8fc222019ee96c4042a3c8e68aea", "fields": {"session_data": "NDZhNDA4MGI4NzE2NjM2NzcwNTJjNzYwNjAxZDY2YmRiMzNmZDkyNzp7Il9hdXRoX3VzZXJfYmFja2VuZCI6ImRqYW5nby5jb250cmliLmF1dGguYmFja2VuZHMuTW9kZWxCYWNrZW5kIiwiX2F1dGhfdXNlcl9pZCI6IjEiLCJfYXV0aF91c2VyX2hhc2giOiIyYWFkMzIzNGYxZTMxNTk1YTkyN2Y4MDk5NmI0NzQ4Mzc4NjUyOTk0Iiwicm9vbXMiOltdfQ==", "expire_date": "2017-11-24T03:04:00.387Z"}}, {"model": "sessions.session", "pk": "chne991e22a20fd2635b30be6470ae63", "fields": {"session_data": "NDZhNDA4MGI4NzE2NjM2NzcwNTJjNzYwNjAxZDY2YmRiMzNmZDkyNzp7Il9hdXRoX3VzZXJfYmFja2VuZCI6ImRqYW5nby5jb250cmliLmF1dGguYmFja2VuZHMuTW9kZWxCYWNrZW5kIiwiX2F1dGhfdXNlcl9pZCI6IjEiLCJfYXV0aF91c2VyX2hhc2giOiIyYWFkMzIzNGYxZTMxNTk1YTkyN2Y4MDk5NmI0NzQ4Mzc4NjUyOTk0Iiwicm9vbXMiOltdfQ==", "expire_date": "2017-11-23T18:24:28.911Z"}}, {"model": "sessions.session", "pk": "chnedb660753883a73fb003628ae4992", "fields": {"session_data": "NDZhNDA4MGI4NzE2NjM2NzcwNTJjNzYwNjAxZDY2YmRiMzNmZDkyNzp7Il9hdXRoX3VzZXJfYmFja2VuZCI6ImRqYW5nby5jb250cmliLmF1dGguYmFja2VuZHMuTW9kZWxCYWNrZW5kIiwiX2F1dGhfdXNlcl9pZCI6IjEiLCJfYXV0aF91c2VyX2hhc2giOiIyYWFkMzIzNGYxZTMxNTk1YTkyN2Y4MDk5NmI0NzQ4Mzc4NjUyOTk0Iiwicm9vbXMiOltdfQ==", "expire_date": "2017-11-23T18:29:27.265Z"}}, {"model": "sessions.session", "pk": "chnef75655080f00c3605f12b3b47294", "fields": {"session_data": "NDZhNDA4MGI4NzE2NjM2NzcwNTJjNzYwNjAxZDY2YmRiMzNmZDkyNzp7Il9hdXRoX3VzZXJfYmFja2VuZCI6ImRqYW5nby5jb250cmliLmF1dGguYmFja2VuZHMuTW9kZWxCYWNrZW5kIiwiX2F1dGhfdXNlcl9pZCI6IjEiLCJfYXV0aF91c2VyX2hhc2giOiIyYWFkMzIzNGYxZTMxNTk1YTkyN2Y4MDk5NmI0NzQ4Mzc4NjUyOTk0Iiwicm9vbXMiOltdfQ==", "expire_date": "2017-11-23T18:26:40.826Z"}}, {"model": "sessions.session", "pk": "chnf3537360a330f405fed76f661c8b2", "fields": {"session_data": "NDZhNDA4MGI4NzE2NjM2NzcwNTJjNzYwNjAxZDY2YmRiMzNmZDkyNzp7Il9hdXRoX3VzZXJfYmFja2VuZCI6ImRqYW5nby5jb250cmliLmF1dGguYmFja2VuZHMuTW9kZWxCYWNrZW5kIiwiX2F1dGhfdXNlcl9pZCI6IjEiLCJfYXV0aF91c2VyX2hhc2giOiIyYWFkMzIzNGYxZTMxNTk1YTkyN2Y4MDk5NmI0NzQ4Mzc4NjUyOTk0Iiwicm9vbXMiOltdfQ==", "expire_date": "2017-11-23T18:24:31.558Z"}}, {"model": "sessions.session", "pk": "chnf7289d1b92529d0ea9efb2d0eab86", "fields": {"session_data": "NDZhNDA4MGI4NzE2NjM2NzcwNTJjNzYwNjAxZDY2YmRiMzNmZDkyNzp7Il9hdXRoX3VzZXJfYmFja2VuZCI6ImRqYW5nby5jb250cmliLmF1dGguYmFja2VuZHMuTW9kZWxCYWNrZW5kIiwiX2F1dGhfdXNlcl9pZCI6IjEiLCJfYXV0aF91c2VyX2hhc2giOiIyYWFkMzIzNGYxZTMxNTk1YTkyN2Y4MDk5NmI0NzQ4Mzc4NjUyOTk0Iiwicm9vbXMiOltdfQ==", "expire_date": "2017-11-23T18:39:21.882Z"}}, {"model": "sessions.session", "pk": "chnf75ce439190479c26749d0cedb7c8", "fields": {"session_data": "OTg3MDdjYTNlNmZlY2UwM2MwNWJhZWQzMjZmYzZmNjBjMGEyYzM1Mzp7Il9hdXRoX3VzZXJfYmFja2VuZCI6ImRqYW5nby5jb250cmliLmF1dGguYmFja2VuZHMuTW9kZWxCYWNrZW5kIiwiX2F1dGhfdXNlcl9pZCI6IjMiLCJfYXV0aF91c2VyX2hhc2giOiJhNWU3Mzc3MTQ0NWI2YmQ2Y2Y5ZjMzMmFiNGUyYjdjMTczN2Q5NmEwIiwicm9vbXMiOlsxXX0=", "expire_date": "2017-11-23T18:48:12.372Z"}}, {"model": "sessions.session", "pk": "chnfa9fed9770a2b44d7459ddb33f639", "fields": {"session_data": "NDZhNDA4MGI4NzE2NjM2NzcwNTJjNzYwNjAxZDY2YmRiMzNmZDkyNzp7Il9hdXRoX3VzZXJfYmFja2VuZCI6ImRqYW5nby5jb250cmliLmF1dGguYmFja2VuZHMuTW9kZWxCYWNrZW5kIiwiX2F1dGhfdXNlcl9pZCI6IjEiLCJfYXV0aF91c2VyX2hhc2giOiIyYWFkMzIzNGYxZTMxNTk1YTkyN2Y4MDk5NmI0NzQ4Mzc4NjUyOTk0Iiwicm9vbXMiOltdfQ==", "expire_date": "2017-11-23T18:29:08.263Z"}}, {"model": "sessions.session", "pk": "chnfc55b8c9000b02df99d880e272ffc", "fields": {"session_data": "NDZhNDA4MGI4NzE2NjM2NzcwNTJjNzYwNjAxZDY2YmRiMzNmZDkyNzp7Il9hdXRoX3VzZXJfYmFja2VuZCI6ImRqYW5nby5jb250cmliLmF1dGguYmFja2VuZHMuTW9kZWxCYWNrZW5kIiwiX2F1dGhfdXNlcl9pZCI6IjEiLCJfYXV0aF91c2VyX2hhc2giOiIyYWFkMzIzNGYxZTMxNTk1YTkyN2Y4MDk5NmI0NzQ4Mzc4NjUyOTk0Iiwicm9vbXMiOltdfQ==", "expire_date": "2017-11-23T18:38:34.102Z"}}, {"model": "sessions.session", "pk": "w4xo3cekisfislxgitraxyqebdw6ozq2", "fields": {"session_data": "NjQ3MTI0ZmNmOWVlYzdmOTc2MDcwNWQzNDliNTkwMmU4MzhjYjI4NDp7Il9hdXRoX3VzZXJfaWQiOiIxIiwiX2F1dGhfdXNlcl9iYWNrZW5kIjoiZGphbmdvLmNvbnRyaWIuYXV0aC5iYWNrZW5kcy5Nb2RlbEJhY2tlbmQiLCJfYXV0aF91c2VyX2hhc2giOiIyYWFkMzIzNGYxZTMxNTk1YTkyN2Y4MDk5NmI0NzQ4Mzc4NjUyOTk0In0=", "expire_date": "2017-11-23T17:50:02.565Z"}}, {"model": "admin.logentry", "pk": 1, "fields": {"action_time": "2017-11-07T18:54:45.458Z", "user": 1, "content_type": 3, "object_id": "1", "object_repr": "Song object", "action_flag": 1, "change_message": "[{\"added\": {}}]"}}, {"model": "admin.logentry", "pk": 2, "fields": {"action_time": "2017-11-07T18:55:21.517Z", "user": 1, "content_type": 2, "object_id": "1", "object_repr": "Option object", "action_flag": 1, "change_message": "[{\"added\": {}}]"}}, {"model": "admin.logentry", "pk": 3, "fields": {"action_time": "2017-11-07T19:19:50.140Z", "user": 1, "content_type": 3, "object_id": "1", "object_repr": "I miss you - Blink 182", "action_flag": 2, "change_message": "[{\"changed\": {\"fields\": [\"letter\"]}}]"}}, {"model": "admin.logentry", "pk": 4, "fields": {"action_time": "2017-11-07T19:22:47.590Z", "user": 1, "content_type": 3, "object_id": "1", "object_repr": "I miss you - Blink 182", "action_flag": 2, "change_message": "[{\"changed\": {\"fields\": [\"letter\"]}}]"}}, {"model": "admin.logentry", "pk": 5, "fields": {"action_time": "2017-11-07T19:35:10.240Z", "user": 1, "content_type": 3, "object_id": "1", "object_repr": "I miss you - Blink 182", "action_flag": 2, "change_message": "[{\"changed\": {\"fields\": [\"letter\"]}}]"}}, {"model": "admin.logentry", "pk": 6, "fields": {"action_time": "2017-11-07T19:39:08.642Z", "user": 1, "content_type": 2, "object_id": "2", "object_repr": "Option from: I miss you - Blink 182", "action_flag": 1, "change_message": "[{\"added\": {}}]"}}, {"model": "admin.logentry", "pk": 7, "fields": {"action_time": "2017-11-07T19:39:16.939Z", "user": 1, "content_type": 2, "object_id": "3", "object_repr": "Option from: I miss you - Blink 182", "action_flag": 1, "change_message": "[{\"added\": {}}]"}}, {"model": "admin.logentry", "pk": 8, "fields": {"action_time": "2017-11-07T19:39:22.811Z", "user": 1, "content_type": 2, "object_id": "4", "object_repr": "Option from: I miss you - Blink 182", "action_flag": 1, "change_message": "[{\"added\": {}}]"}}, {"model": "admin.logentry", "pk": 9, "fields": {"action_time": "2017-11-07T19:39:28.883Z", "user": 1, "content_type": 2, "object_id": "5", "object_repr": "Option from: I miss you - Blink 182", "action_flag": 1, "change_message": "[{\"added\": {}}]"}}, {"model": "admin.logentry", "pk": 10, "fields": {"action_time": "2017-11-07T19:39:34.778Z", "user": 1, "content_type": 2, "object_id": "6", "object_repr": "Option from: I miss you - Blink 182", "action_flag": 1, "change_message": "[{\"added\": {}}]"}}, {"model": "admin.logentry", "pk": 11, "fields": {"action_time": "2017-11-07T19:39:41.186Z", "user": 1, "content_type": 2, "object_id": "7", "object_repr": "Option from: I miss you - Blink 182", "action_flag": 1, "change_message": "[{\"added\": {}}]"}}, {"model": "admin.logentry", "pk": 12, "fields": {"action_time": "2017-11-07T19:39:46.338Z", "user": 1, "content_type": 2, "object_id": "8", "object_repr": "Option from: I miss you - Blink 182", "action_flag": 1, "change_message": "[{\"added\": {}}]"}}, {"model": "admin.logentry", "pk": 13, "fields": {"action_time": "2017-11-07T19:39:51.234Z", "user": 1, "content_type": 2, "object_id": "9", "object_repr": "Option from: I miss you - Blink 182", "action_flag": 1, "change_message": "[{\"added\": {}}]"}}, {"model": "admin.logentry", "pk": 14, "fields": {"action_time": "2017-11-07T19:39:56.867Z", "user": 1, "content_type": 2, "object_id": "10", "object_repr": "Option from: I miss you - Blink 182", "action_flag": 1, "change_message": "[{\"added\": {}}]"}}, {"model": "admin.logentry", "pk": 15, "fields": {"action_time": "2017-11-07T20:39:19.722Z", "user": 1, "content_type": 3, "object_id": "2", "object_repr": "One and only", "action_flag": 1, "change_message": "[{\"added\": {}}]"}}, {"model": "admin.logentry", "pk": 16, "fields": {"action_time": "2017-11-07T20:40:18.029Z", "user": 1, "content_type": 2, "object_id": "11", "object_repr": "Option from: One and only", "action_flag": 1, "change_message": "[{\"added\": {}}]"}}, {"model": "admin.logentry", "pk": 17, "fields": {"action_time": "2017-11-07T20:40:24.301Z", "user": 1, "content_type": 2, "object_id": "12", "object_repr": "Option from: One and only", "action_flag": 1, "change_message": "[{\"added\": {}}]"}}, {"model": "admin.logentry", "pk": 18, "fields": {"action_time": "2017-11-07T20:40:30.671Z", "user": 1, "content_type": 2, "object_id": "13", "object_repr": "Option from: One and only", "action_flag": 1, "change_message": "[{\"added\": {}}]"}}, {"model": "admin.logentry", "pk": 19, "fields": {"action_time": "2017-11-07T20:40:36.712Z", "user": 1, "content_type": 2, "object_id": "14", "object_repr": "Option from: One and only", "action_flag": 1, "change_message": "[{\"added\": {}}]"}}, {"model": "admin.logentry", "pk": 20, "fields": {"action_time": "2017-11-07T20:40:42.055Z", "user": 1, "content_type": 2, "object_id": "15", "object_repr": "Option from: One and only", "action_flag": 1, "change_message": "[{\"added\": {}}]"}}, {"model": "admin.logentry", "pk": 21, "fields": {"action_time": "2017-11-07T20:40:47.488Z", "user": 1, "content_type": 2, "object_id": "16", "object_repr": "Option from: One and only", "action_flag": 1, "change_message": "[{\"added\": {}}]"}}, {"model": "admin.logentry", "pk": 22, "fields": {"action_time": "2017-11-07T20:40:53.713Z", "user": 1, "content_type": 2, "object_id": "17", "object_repr": "Option from: One and only", "action_flag": 1, "change_message": "[{\"added\": {}}]"}}, {"model": "admin.logentry", "pk": 23, "fields": {"action_time": "2017-11-07T20:40:58.721Z", "user": 1, "content_type": 2, "object_id": "18", "object_repr": "Option from: One and only", "action_flag": 1, "change_message": "[{\"added\": {}}]"}}, {"model": "admin.logentry", "pk": 24, "fields": {"action_time": "2017-11-07T20:41:04.715Z", "user": 1, "content_type": 2, "object_id": "19", "object_repr": "Option from: One and only", "action_flag": 1, "change_message": "[{\"added\": {}}]"}}, {"model": "admin.logentry", "pk": 25, "fields": {"action_time": "2017-11-07T20:41:10.881Z", "user": 1, "content_type": 2, "object_id": "20", "object_repr": "Option from: One and only", "action_flag": 1, "change_message": "[{\"added\": {}}]"}}, {"model": "admin.logentry", "pk": 26, "fields": {"action_time": "2017-11-07T20:43:26.259Z", "user": 1, "content_type": 3, "object_id": "2", "object_repr": "One and only - Adele", "action_flag": 2, "change_message": "[{\"changed\": {\"fields\": [\"name\"]}}]"}}, {"model": "admin.logentry", "pk": 27, "fields": {"action_time": "2017-11-07T20:46:18.522Z", "user": 1, "content_type": 3, "object_id": "3", "object_repr": "The Speed of Sound - Coldplay", "action_flag": 1, "change_message": "[{\"added\": {}}]"}}, {"model": "admin.logentry", "pk": 28, "fields": {"action_time": "2017-11-07T20:46:44.565Z", "user": 1, "content_type": 2, "object_id": "21", "object_repr": "Option from: The Speed of Sound - Coldplay", "action_flag": 1, "change_message": "[{\"added\": {}}]"}}, {"model": "admin.logentry", "pk": 29, "fields": {"action_time": "2017-11-07T20:46:52.117Z", "user": 1, "content_type": 2, "object_id": "22", "object_repr": "Option from: The Speed of Sound - Coldplay", "action_flag": 1, "change_message": "[{\"added\": {}}]"}}, {"model": "admin.logentry", "pk": 30, "fields": {"action_time": "2017-11-07T20:46:57.622Z", "user": 1, "content_type": 2, "object_id": "23", "object_repr": "Option from: The Speed of Sound - Coldplay", "action_flag": 1, "change_message": "[{\"added\": {}}]"}}, {"model": "admin.logentry", "pk": 31, "fields": {"action_time": "2017-11-07T20:47:02.910Z", "user": 1, "content_type": 2, "object_id": "24", "object_repr": "Option from: The Speed of Sound - Coldplay", "action_flag": 1, "change_message": "[{\"added\": {}}]"}}, {"model": "admin.logentry", "pk": 32, "fields": {"action_time": "2017-11-07T20:47:07.874Z", "user": 1, "content_type": 2, "object_id": "25", "object_repr": "Option from: The Speed of Sound - Coldplay", "action_flag": 1, "change_message": "[{\"added\": {}}]"}}, {"model": "admin.logentry", "pk": 33, "fields": {"action_time": "2017-11-07T20:47:12.655Z", "user": 1, "content_type": 2, "object_id": "26", "object_repr": "Option from: The Speed of Sound - Coldplay", "action_flag": 1, "change_message": "[{\"added\": {}}]"}}, {"model": "admin.logentry", "pk": 34, "fields": {"action_time": "2017-11-07T20:47:17.445Z", "user": 1, "content_type": 2, "object_id": "27", "object_repr": "Option from: The Speed of Sound - Coldplay", "action_flag": 1, "change_message": "[{\"added\": {}}]"}}, {"model": "admin.logentry", "pk": 35, "fields": {"action_time": "2017-11-07T20:47:22.670Z", "user": 1, "content_type": 2, "object_id": "28", "object_repr": "Option from: The Speed of Sound - Coldplay", "action_flag": 1, "change_message": "[{\"added\": {}}]"}}, {"model": "admin.logentry", "pk": 36, "fields": {"action_time": "2017-11-07T20:47:27.967Z", "user": 1, "content_type": 2, "object_id": "29", "object_repr": "Option from: The Speed of Sound - Coldplay", "action_flag": 1, "change_message": "[{\"added\": {}}]"}}, {"model": "admin.logentry", "pk": 37, "fields": {"action_time": "2017-11-07T20:47:33.250Z", "user": 1, "content_type": 2, "object_id": "30", "object_repr": "Option from: The Speed of Sound - Coldplay", "action_flag": 1, "change_message": "[{\"added\": {}}]"}}, {"model": "admin.logentry", "pk": 38, "fields": {"action_time": "2017-11-08T02:06:32.352Z", "user": 1, "content_type": 3, "object_id": "4", "object_repr": "Stand by Me - Ben E. King", "action_flag": 1, "change_message": "[{\"added\": {}}]"}}, {"model": "admin.logentry", "pk": 39, "fields": {"action_time": "2017-11-08T02:07:05.089Z", "user": 1, "content_type": 2, "object_id": "31", "object_repr": "Option from: Stand by Me - Ben E. King", "action_flag": 1, "change_message": "[{\"added\": {}}]"}}, {"model": "admin.logentry", "pk": 40, "fields": {"action_time": "2017-11-08T02:07:10.980Z", "user": 1, "content_type": 2, "object_id": "32", "object_repr": "Option from: Stand by Me - Ben E. King", "action_flag": 1, "change_message": "[{\"added\": {}}]"}}, {"model": "admin.logentry", "pk": 41, "fields": {"action_time": "2017-11-08T02:07:16.124Z", "user": 1, "content_type": 2, "object_id": "33", "object_repr": "Option from: Stand by Me - Ben E. King", "action_flag": 1, "change_message": "[{\"added\": {}}]"}}, {"model": "admin.logentry", "pk": 42, "fields": {"action_time": "2017-11-08T02:07:21.210Z", "user": 1, "content_type": 2, "object_id": "34", "object_repr": "Option from: Stand by Me - Ben E. King", "action_flag": 1, "change_message": "[{\"added\": {}}]"}}, {"model": "admin.logentry", "pk": 43, "fields": {"action_time": "2017-11-08T02:07:25.899Z", "user": 1, "content_type": 2, "object_id": "35", "object_repr": "Option from: Stand by Me - Ben E. King", "action_flag": 1, "change_message": "[{\"added\": {}}]"}}, {"model": "admin.logentry", "pk": 44, "fields": {"action_time": "2017-11-08T02:07:31.026Z", "user": 1, "content_type": 2, "object_id": "36", "object_repr": "Option from: Stand by Me - Ben E. King", "action_flag": 1, "change_message": "[{\"added\": {}}]"}}, {"model": "admin.logentry", "pk": 45, "fields": {"action_time": "2017-11-08T02:07:36.322Z", "user": 1, "content_type": 2, "object_id": "37", "object_repr": "Option from: Stand by Me - Ben E. King", "action_flag": 1, "change_message": "[{\"added\": {}}]"}}, {"model": "admin.logentry", "pk": 46, "fields": {"action_time": "2017-11-08T02:07:41.441Z", "user": 1, "content_type": 2, "object_id": "38", "object_repr": "Option from: Stand by Me - Ben E. King", "action_flag": 1, "change_message": "[{\"added\": {}}]"}}, {"model": "admin.logentry", "pk": 47, "fields": {"action_time": "2017-11-08T02:07:46.630Z", "user": 1, "content_type": 2, "object_id": "39", "object_repr": "Option from: Stand by Me - Ben E. King", "action_flag": 1, "change_message": "[{\"added\": {}}]"}}, {"model": "admin.logentry", "pk": 48, "fields": {"action_time": "2017-11-08T02:07:52.166Z", "user": 1, "content_type": 2, "object_id": "40", "object_repr": "Option from: Stand by Me - Ben E. King", "action_flag": 1, "change_message": "[{\"added\": {}}]"}}, {"model": "admin.logentry", "pk": 49, "fields": {"action_time": "2017-11-08T02:12:04.526Z", "user": 1, "content_type": 3, "object_id": "5", "object_repr": "The One That Got Away - Katy Perry", "action_flag": 1, "change_message": "[{\"added\": {}}]"}}, {"model": "admin.logentry", "pk": 50, "fields": {"action_time": "2017-11-08T02:12:59.458Z", "user": 1, "content_type": 2, "object_id": "41", "object_repr": "Option from: The One That Got Away - Katy Perry", "action_flag": 1, "change_message": "[{\"added\": {}}]"}}, {"model": "admin.logentry", "pk": 51, "fields": {"action_time": "2017-11-08T02:13:04.827Z", "user": 1, "content_type": 2, "object_id": "42", "object_repr": "Option from: The One That Got Away - Katy Perry", "action_flag": 1, "change_message": "[{\"added\": {}}]"}}, {"model": "admin.logentry", "pk": 52, "fields": {"action_time": "2017-11-08T02:13:09.599Z", "user": 1, "content_type": 2, "object_id": "43", "object_repr": "Option from: The One That Got Away - Katy Perry", "action_flag": 1, "change_message": "[{\"added\": {}}]"}}, {"model": "admin.logentry", "pk": 53, "fields": {"action_time": "2017-11-08T02:13:14.633Z", "user": 1, "content_type": 2, "object_id": "44", "object_repr": "Option from: The One That Got Away - Katy Perry", "action_flag": 1, "change_message": "[{\"added\": {}}]"}}, {"model": "admin.logentry", "pk": 54, "fields": {"action_time": "2017-11-08T02:13:19.762Z", "user": 1, "content_type": 2, "object_id": "45", "object_repr": "Option from: The One That Got Away - Katy Perry", "action_flag": 1, "change_message": "[{\"added\": {}}]"}}, {"model": "admin.logentry", "pk": 55, "fields": {"action_time": "2017-11-08T02:13:25.164Z", "user": 1, "content_type": 2, "object_id": "46", "object_repr": "Option from: The One That Got Away - Katy Perry", "action_flag": 1, "change_message": "[{\"added\": {}}]"}}, {"model": "admin.logentry", "pk": 56, "fields": {"action_time": "2017-11-08T02:13:29.823Z", "user": 1, "content_type": 2, "object_id": "47", "object_repr": "Option from: The One That Got Away - Katy Perry", "action_flag": 1, "change_message": "[{\"added\": {}}]"}}, {"model": "admin.logentry", "pk": 57, "fields": {"action_time": "2017-11-08T02:13:34.992Z", "user": 1, "content_type": 2, "object_id": "48", "object_repr": "Option from: The One That Got Away - Katy Perry", "action_flag": 1, "change_message": "[{\"added\": {}}]"}}, {"model": "admin.logentry", "pk": 58, "fields": {"action_time": "2017-11-08T02:13:39.574Z", "user": 1, "content_type": 2, "object_id": "49", "object_repr": "Option from: The One That Got Away - Katy Perry", "action_flag": 1, "change_message": "[{\"added\": {}}]"}}, {"model": "admin.logentry", "pk": 59, "fields": {"action_time": "2017-11-08T02:13:45.060Z", "user": 1, "content_type": 2, "object_id": "50", "object_repr": "Option from: The One That Got Away - Katy Perry", "action_flag": 1, "change_message": "[{\"added\": {}}]"}}, {"model": "admin.logentry", "pk": 60, "fields": {"action_time": "2017-11-08T02:36:09.852Z", "user": 1, "content_type": 3, "object_id": "6", "object_repr": "The Scientist - Coldplay", "action_flag": 1, "change_message": "[{\"added\": {}}]"}}, {"model": "admin.logentry", "pk": 61, "fields": {"action_time": "2017-11-08T02:37:08.650Z", "user": 1, "content_type": 2, "object_id": "51", "object_repr": "Option from: The Scientist - Coldplay", "action_flag": 1, "change_message": "[{\"added\": {}}]"}}, {"model": "admin.logentry", "pk": 62, "fields": {"action_time": "2017-11-08T02:37:14.146Z", "user": 1, "content_type": 2, "object_id": "52", "object_repr": "Option from: The Scientist - Coldplay", "action_flag": 1, "change_message": "[{\"added\": {}}]"}}, {"model": "admin.logentry", "pk": 63, "fields": {"action_time": "2017-11-08T02:37:19.359Z", "user": 1, "content_type": 2, "object_id": "53", "object_repr": "Option from: The Scientist - Coldplay", "action_flag": 1, "change_message": "[{\"added\": {}}]"}}, {"model": "admin.logentry", "pk": 64, "fields": {"action_time": "2017-11-08T02:37:23.939Z", "user": 1, "content_type": 2, "object_id": "54", "object_repr": "Option from: The Scientist - Coldplay", "action_flag": 1, "change_message": "[{\"added\": {}}]"}}, {"model": "admin.logentry", "pk": 65, "fields": {"action_time": "2017-11-08T02:37:29.660Z", "user": 1, "content_type": 2, "object_id": "55", "object_repr": "Option from: The Scientist - Coldplay", "action_flag": 1, "change_message": "[{\"added\": {}}]"}}, {"model": "admin.logentry", "pk": 66, "fields": {"action_time": "2017-11-08T02:37:34.719Z", "user": 1, "content_type": 2, "object_id": "56", "object_repr": "Option from: The Scientist - Coldplay", "action_flag": 1, "change_message": "[{\"added\": {}}]"}}, {"model": "admin.logentry", "pk": 67, "fields": {"action_time": "2017-11-08T02:37:39.750Z", "user": 1, "content_type": 2, "object_id": "57", "object_repr": "Option from: The Scientist - Coldplay", "action_flag": 1, "change_message": "[{\"added\": {}}]"}}, {"model": "admin.logentry", "pk": 68, "fields": {"action_time": "2017-11-08T02:37:46.991Z", "user": 1, "content_type": 2, "object_id": "58", "object_repr": "Option from: The Scientist - Coldplay", "action_flag": 1, "change_message": "[{\"added\": {}}]"}}, {"model": "admin.logentry", "pk": 69, "fields": {"action_time": "2017-11-08T02:37:52.179Z", "user": 1, "content_type": 2, "object_id": "59", "object_repr": "Option from: The Scientist - Coldplay", "action_flag": 1, "change_message": "[{\"added\": {}}]"}}, {"model": "admin.logentry", "pk": 70, "fields": {"action_time": "2017-11-08T02:37:57.213Z", "user": 1, "content_type": 2, "object_id": "60", "object_repr": "Option from: The Scientist - Coldplay", "action_flag": 1, "change_message": "[{\"added\": {}}]"}}, {"model": "admin.logentry", "pk": 71, "fields": {"action_time": "2017-11-08T02:43:43.387Z", "user": 1, "content_type": 3, "object_id": "7", "object_repr": "The Way You Are - Bruno Mars", "action_flag": 1, "change_message": "[{\"added\": {}}]"}}, {"model": "admin.logentry", "pk": 72, "fields": {"action_time": "2017-11-08T02:44:01.214Z", "user": 1, "content_type": 2, "object_id": "61", "object_repr": "Option from: The Way You Are - Bruno Mars", "action_flag": 1, "change_message": "[{\"added\": {}}]"}}, {"model": "admin.logentry", "pk": 73, "fields": {"action_time": "2017-11-08T02:44:06.019Z", "user": 1, "content_type": 2, "object_id": "62", "object_repr": "Option from: The Way You Are - Bruno Mars", "action_flag": 1, "change_message": "[{\"added\": {}}]"}}, {"model": "admin.logentry", "pk": 74, "fields": {"action_time": "2017-11-08T02:44:10.627Z", "user": 1, "content_type": 2, "object_id": "63", "object_repr": "Option from: The Way You Are - Bruno Mars", "action_flag": 1, "change_message": "[{\"added\": {}}]"}}, {"model": "admin.logentry", "pk": 75, "fields": {"action_time": "2017-11-08T02:44:15.104Z", "user": 1, "content_type": 2, "object_id": "64", "object_repr": "Option from: The Way You Are - Bruno Mars", "action_flag": 1, "change_message": "[{\"added\": {}}]"}}, {"model": "admin.logentry", "pk": 76, "fields": {"action_time": "2017-11-08T02:44:20.688Z", "user": 1, "content_type": 2, "object_id": "65", "object_repr": "Option from: The Way You Are - Bruno Mars", "action_flag": 1, "change_message": "[{\"added\": {}}]"}}, {"model": "admin.logentry", "pk": 77, "fields": {"action_time": "2017-11-08T02:44:25.316Z", "user": 1, "content_type": 2, "object_id": "66", "object_repr": "Option from: The Way You Are - Bruno Mars", "action_flag": 1, "change_message": "[{\"added\": {}}]"}}, {"model": "admin.logentry", "pk": 78, "fields": {"action_time": "2017-11-08T02:44:30.302Z", "user": 1, "content_type": 2, "object_id": "67", "object_repr": "Option from: The Way You Are - Bruno Mars", "action_flag": 1, "change_message": "[{\"added\": {}}]"}}, {"model": "admin.logentry", "pk": 79, "fields": {"action_time": "2017-11-08T02:44:34.781Z", "user": 1, "content_type": 2, "object_id": "68", "object_repr": "Option from: The Way You Are - Bruno Mars", "action_flag": 1, "change_message": "[{\"added\": {}}]"}}, {"model": "admin.logentry", "pk": 80, "fields": {"action_time": "2017-11-08T02:44:39.322Z", "user": 1, "content_type": 2, "object_id": "69", "object_repr": "Option from: The Way You Are - Bruno Mars", "action_flag": 1, "change_message": "[{\"added\": {}}]"}}, {"model": "admin.logentry", "pk": 81, "fields": {"action_time": "2017-11-08T02:44:43.977Z", "user": 1, "content_type": 2, "object_id": "70", "object_repr": "Option from: The Way You Are - Bruno Mars", "action_flag": 1, "change_message": "[{\"added\": {}}]"}}, {"model": "admin.logentry", "pk": 82, "fields": {"action_time": "2017-11-08T02:48:08.965Z", "user": 1, "content_type": 3, "object_id": "8", "object_repr": "When You're Gone - Avril Lavigne", "action_flag": 1, "change_message": "[{\"added\": {}}]"}}, {"model": "admin.logentry", "pk": 83, "fields": {"action_time": "2017-11-08T02:48:20.805Z", "user": 1, "content_type": 2, "object_id": "71", "object_repr": "Option from: When You're Gone - Avril Lavigne", "action_flag": 1, "change_message": "[{\"added\": {}}]"}}, {"model": "admin.logentry", "pk": 84, "fields": {"action_time": "2017-11-08T02:48:25.553Z", "user": 1, "content_type": 2, "object_id": "72", "object_repr": "Option from: When You're Gone - Avril Lavigne", "action_flag": 1, "change_message": "[{\"added\": {}}]"}}, {"model": "admin.logentry", "pk": 85, "fields": {"action_time": "2017-11-08T02:48:31.411Z", "user": 1, "content_type": 2, "object_id": "73", "object_repr": "Option from: When You're Gone - Avril Lavigne", "action_flag": 1, "change_message": "[{\"added\": {}}]"}}, {"model": "admin.logentry", "pk": 86, "fields": {"action_time": "2017-11-08T02:48:36.734Z", "user": 1, "content_type": 2, "object_id": "74", "object_repr": "Option from: When You're Gone - Avril Lavigne", "action_flag": 1, "change_message": "[{\"added\": {}}]"}}, {"model": "admin.logentry", "pk": 87, "fields": {"action_time": "2017-11-08T02:48:41.404Z", "user": 1, "content_type": 2, "object_id": "75", "object_repr": "Option from: When You're Gone - Avril Lavigne", "action_flag": 1, "change_message": "[{\"added\": {}}]"}}, {"model": "admin.logentry", "pk": 88, "fields": {"action_time": "2017-11-08T02:48:46.180Z", "user": 1, "content_type": 2, "object_id": "76", "object_repr": "Option from: When You're Gone - Avril Lavigne", "action_flag": 1, "change_message": "[{\"added\": {}}]"}}, {"model": "admin.logentry", "pk": 89, "fields": {"action_time": "2017-11-08T02:48:50.754Z", "user": 1, "content_type": 2, "object_id": "77", "object_repr": "Option from: When You're Gone - Avril Lavigne", "action_flag": 1, "change_message": "[{\"added\": {}}]"}}, {"model": "admin.logentry", "pk": 90, "fields": {"action_time": "2017-11-08T02:48:55.351Z", "user": 1, "content_type": 2, "object_id": "78", "object_repr": "Option from: When You're Gone - Avril Lavigne", "action_flag": 1, "change_message": "[{\"added\": {}}]"}}, {"model": "admin.logentry", "pk": 91, "fields": {"action_time": "2017-11-08T02:48:59.802Z", "user": 1, "content_type": 2, "object_id": "79", "object_repr": "Option from: When You're Gone - Avril Lavigne", "action_flag": 1, "change_message": "[{\"added\": {}}]"}}, {"model": "admin.logentry", "pk": 92, "fields": {"action_time": "2017-11-08T02:49:04.192Z", "user": 1, "content_type": 2, "object_id": "80", "object_repr": "Option from: When You're Gone - Avril Lavigne", "action_flag": 1, "change_message": "[{\"added\": {}}]"}}, {"model": "admin.logentry", "pk": 93, "fields": {"action_time": "2017-11-08T02:49:10.219Z", "user": 1, "content_type": 2, "object_id": "81", "object_repr": "Option from: When You're Gone - Avril Lavigne", "action_flag": 1, "change_message": "[{\"added\": {}}]"}}, {"model": "admin.logentry", "pk": 94, "fields": {"action_time": "2017-11-08T02:49:15.404Z", "user": 1, "content_type": 2, "object_id": "82", "object_repr": "Option from: When You're Gone - Avril Lavigne", "action_flag": 1, "change_message": "[{\"added\": {}}]"}}, {"model": "admin.logentry", "pk": 95, "fields": {"action_time": "2017-11-09T17:48:48.935Z", "user": 1, "content_type": 10, "object_id": "1", "object_repr": "Room object", "action_flag": 1, "change_message": "[{\"added\": {}}]"}}, {"model": "admin.logentry", "pk": 96, "fields": {"action_time": "2017-11-10T01:04:07.898Z", "user": 1, "content_type": 11, "object_id": "1", "object_repr": "Many hundred years ago there were many villages and few towns in England. The villagers liked to go into the forests and the fields when spring came. On the first Sunday of May they usually took a tre", "action_flag": 1, "change_message": "[{\"added\": {}}]"}}, {"model": "admin.logentry", "pk": 97, "fields": {"action_time": "2017-11-10T01:04:17.686Z", "user": 1, "content_type": 11, "object_id": "2", "object_repr": "Many hundred years ago there were many villages and few towns in England. The villagers liked to go into the forests and the fields when spring came. On the first Sunday of May they usually took a tre", "action_flag": 1, "change_message": "[{\"added\": {}}]"}}, {"model": "admin.logentry", "pk": 98, "fields": {"action_time": "2017-11-10T01:04:26.771Z", "user": 1, "content_type": 11, "object_id": "3", "object_repr": "Many hundred years ago there were many villages and few towns in England. The villagers liked to go into the forests and the fields when spring came. On the first Sunday of May they usually took a tre", "action_flag": 1, "change_message": "[{\"added\": {}}]"}}, {"model": "admin.logentry", "pk": 99, "fields": {"action_time": "2017-11-10T01:04:43.203Z", "user": 1, "content_type": 11, "object_id": "3", "object_repr": "Many hundred years ago there were many villages and few towns in England. The villagers liked to go into the forests and the fields when spring came. On the first Sunday of May they usually took a tre", "action_flag": 3, "change_message": ""}}, {"model": "admin.logentry", "pk": 100, "fields": {"action_time": "2017-11-10T01:04:52.515Z", "user": 1, "content_type": 11, "object_id": "2", "object_repr": "Many hundred years ago there were many villages and few towns in England. The villagers liked to go into the forests and the fields when spring came. On the first Sunday of May they usually took a tre", "action_flag": 3, "change_message": ""}}, {"model": "admin.logentry", "pk": 101, "fields": {"action_time": "2017-11-10T01:04:52.529Z", "user": 1, "content_type": 11, "object_id": "1", "object_repr": "Many hundred years ago there were many villages and few towns in England. The villagers liked to go into the forests and the fields when spring came. On the first Sunday of May they usually took a tre", "action_flag": 3, "change_message": ""}}, {"model": "admin.logentry", "pk": 102, "fields": {"action_time": "2017-11-10T01:05:05.208Z", "user": 1, "content_type": 11, "object_id": "4", "object_repr": "Many hundred years ago there were many villages and few towns in England. The villagers liked to go into the forests and the fields when spring came. On the first Sunday of May they usually took a tre", "action_flag": 1, "change_message": "[{\"added\": {}}]"}}, {"model": "admin.logentry", "pk": 103, "fields": {"action_time": "2017-11-10T01:05:15.950Z", "user": 1, "content_type": 11, "object_id": "5", "object_repr": "Many hundred years ago there were many villages and few towns in England. The villagers liked to go into the forests and the fields when spring came. On the first Sunday of May they usually took a tre", "action_flag": 1, "change_message": "[{\"added\": {}}]"}}, {"model": "admin.logentry", "pk": 104, "fields": {"action_time": "2017-11-10T01:05:26.645Z", "user": 1, "content_type": 11, "object_id": "6", "object_repr": "Many hundred years ago there were many villages and few towns in England. The villagers liked to go into the forests and the fields when spring came. On the first Sunday of May they usually took a tre", "action_flag": 1, "change_message": "[{\"added\": {}}]"}}, {"model": "admin.logentry", "pk": 105, "fields": {"action_time": "2017-11-10T01:05:45.579Z", "user": 1, "content_type": 11, "object_id": "7", "object_repr": "Many hundred years ago there were many villages and few towns in England. The villagers liked to go into the forests and the fields when spring came. On the first Sunday of May they usually took a tre", "action_flag": 1, "change_message": "[{\"added\": {}}]"}}, {"model": "admin.logentry", "pk": 106, "fields": {"action_time": "2017-11-10T01:06:00.162Z", "user": 1, "content_type": 11, "object_id": "8", "object_repr": "My name is Bill. I'm twelve years old. I'm a student. There are four people in my family: My father, my mother, my sister and me. My father is a worker. His name is George. He's forty-eight. My mother", "action_flag": 1, "change_message": "[{\"added\": {}}]"}}, {"model": "admin.logentry", "pk": 107, "fields": {"action_time": "2017-11-10T01:06:18.506Z", "user": 1, "content_type": 11, "object_id": "9", "object_repr": "My name is Bill. I'm twelve years old. I'm a student. There are four people in my family: My father, my mother, my sister and me. My father is a worker. His name is George. He's forty-eight. My mother", "action_flag": 1, "change_message": "[{\"added\": {}}]"}}, {"model": "admin.logentry", "pk": 108, "fields": {"action_time": "2017-11-10T01:11:55.005Z", "user": 1, "content_type": 12, "object_id": "1", "object_repr": "Option from: HOW THE MAY DAY HOLIDAY BEGAN IN ENGLAND", "action_flag": 1, "change_message": "[{\"added\": {}}]"}}, {"model": "admin.logentry", "pk": 109, "fields": {"action_time": "2017-11-10T01:12:02.705Z", "user": 1, "content_type": 12, "object_id": "2", "object_repr": "Option from: HOW THE MAY DAY HOLIDAY BEGAN IN ENGLAND", "action_flag": 1, "change_message": "[{\"added\": {}}]"}}, {"model": "admin.logentry", "pk": 110, "fields": {"action_time": "2017-11-10T01:12:15.851Z", "user": 1, "content_type": 12, "object_id": "3", "object_repr": "Option from: HOW THE MAY DAY HOLIDAY BEGAN IN ENGLAND", "action_flag": 1, "change_message": "[{\"added\": {}}]"}}, {"model": "admin.logentry", "pk": 111, "fields": {"action_time": "2017-11-10T01:12:21.028Z", "user": 1, "content_type": 12, "object_id": "4", "object_repr": "Option from: HOW THE MAY DAY HOLIDAY BEGAN IN ENGLAND", "action_flag": 1, "change_message": "[{\"added\": {}}]"}}, {"model": "admin.logentry", "pk": 112, "fields": {"action_time": "2017-11-10T01:12:32.557Z", "user": 1, "content_type": 12, "object_id": "5", "object_repr": "Option from: HOW THE MAY DAY HOLIDAY BEGAN IN ENGLAND", "action_flag": 1, "change_message": "[{\"added\": {}}]"}}, {"model": "admin.logentry", "pk": 113, "fields": {"action_time": "2017-11-10T01:12:37.720Z", "user": 1, "content_type": 12, "object_id": "6", "object_repr": "Option from: HOW THE MAY DAY HOLIDAY BEGAN IN ENGLAND", "action_flag": 1, "change_message": "[{\"added\": {}}]"}}, {"model": "admin.logentry", "pk": 114, "fields": {"action_time": "2017-11-10T01:12:45.873Z", "user": 1, "content_type": 12, "object_id": "7", "object_repr": "Option from: HOW THE MAY DAY HOLIDAY BEGAN IN ENGLAND", "action_flag": 1, "change_message": "[{\"added\": {}}]"}}, {"model": "admin.logentry", "pk": 115, "fields": {"action_time": "2017-11-10T01:12:51.889Z", "user": 1, "content_type": 12, "object_id": "8", "object_repr": "Option from: HOW THE MAY DAY HOLIDAY BEGAN IN ENGLAND", "action_flag": 1, "change_message": "[{\"added\": {}}]"}}, {"model": "admin.logentry", "pk": 116, "fields": {"action_time": "2017-11-10T01:13:02.240Z", "user": 1, "content_type": 12, "object_id": "9", "object_repr": "Option from: Bill History", "action_flag": 1, "change_message": "[{\"added\": {}}]"}}, {"model": "admin.logentry", "pk": 117, "fields": {"action_time": "2017-11-10T01:13:07.563Z", "user": 1, "content_type": 12, "object_id": "10", "object_repr": "Option from: Bill History", "action_flag": 1, "change_message": "[{\"added\": {}}]"}}, {"model": "admin.logentry", "pk": 118, "fields": {"action_time": "2017-11-10T01:13:16.479Z", "user": 1, "content_type": 12, "object_id": "11", "object_repr": "Option from: Bill History", "action_flag": 1, "change_message": "[{\"added\": {}}]"}}, {"model": "admin.logentry", "pk": 119, "fields": {"action_time": "2017-11-10T01:13:21.802Z", "user": 1, "content_type": 12, "object_id": "12", "object_repr": "Option from: Bill History", "action_flag": 1, "change_message": "[{\"added\": {}}]"}}, {"model": "admin.logentry", "pk": 120, "fields": {"action_time": "2017-11-10T03:02:11.990Z", "user": 1, "content_type": 11, "object_id": "4", "object_repr": "4", "action_flag": 2, "change_message": "[{\"changed\": {\"fields\": [\"text\"]}}]"}}, {"model": "admin.logentry", "pk": 121, "fields": {"action_time": "2017-11-10T03:02:34.752Z", "user": 1, "content_type": 11, "object_id": "4", "object_repr": "4", "action_flag": 2, "change_message": "[{\"changed\": {\"fields\": [\"text\"]}}]"}}, {"model": "admin.logentry", "pk": 122, "fields": {"action_time": "2017-11-10T03:02:45.286Z", "user": 1, "content_type": 11, "object_id": "5", "object_repr": "5", "action_flag": 2, "change_message": "[{\"changed\": {\"fields\": [\"text\"]}}]"}}, {"model": "admin.logentry", "pk": 123, "fields": {"action_time": "2017-11-10T03:02:52.740Z", "user": 1, "content_type": 11, "object_id": "6", "object_repr": "6", "action_flag": 2, "change_message": "[{\"changed\": {\"fields\": [\"text\"]}}]"}}, {"model": "admin.logentry", "pk": 124, "fields": {"action_time": "2017-11-10T03:03:01.908Z", "user": 1, "content_type": 11, "object_id": "7", "object_repr": "7", "action_flag": 2, "change_message": "[{\"changed\": {\"fields\": [\"text\"]}}]"}}, {"model": "admin.logentry", "pk": 125, "fields": {"action_time": "2017-11-10T03:03:08.853Z", "user": 1, "content_type": 11, "object_id": "8", "object_repr": "8", "action_flag": 2, "change_message": "[{\"changed\": {\"fields\": [\"text\"]}}]"}}, {"model": "admin.logentry", "pk": 126, "fields": {"action_time": "2017-11-10T03:03:15.781Z", "user": 1, "content_type": 11, "object_id": "9", "object_repr": "9", "action_flag": 2, "change_message": "[{\"changed\": {\"fields\": [\"text\"]}}]"}}, {"model": "WebSite.myuser", "pk": 1, "fields": {"user_django": 3, "photo": null, "number_listening": 0, "number_writing": 0, "number_reading": 0}}]